"";"Date";"Region";"Vaccinated";"Admissions";"Discharges"
"1";2020-03-06;NA;NA;1;0
"2";2020-03-07;NA;NA;2;0
"3";2020-03-08;NA;NA;3;0
"4";2020-03-09;NA;NA;0;0
"5";2020-03-10;NA;NA;2;0
"6";2020-03-11;NA;NA;2;0
"7";2020-03-12;NA;NA;3;0
"8";2020-03-13;NA;NA;5;0
"9";2020-03-14;NA;NA;3;0
"10";2020-03-15;NA;NA;8;0
"11";2020-03-16;NA;NA;8;0
"12";2020-03-17;NA;NA;2;0
"13";2020-03-18;NA;NA;5;0
"14";2020-03-19;NA;NA;3;0
"15";2020-03-20;NA;NA;5;0
"16";2020-03-21;NA;NA;2;0
"17";2020-03-22;NA;NA;8;0
"18";2020-03-23;NA;NA;1;0
"19";2020-03-24;NA;NA;5;0
"20";2020-03-25;NA;NA;2;0
"21";2020-03-26;NA;NA;3;0
"22";2020-03-27;NA;NA;6;0
"23";2020-03-28;NA;NA;2;0
"24";2020-03-29;NA;NA;2;0
"25";2020-03-30;NA;NA;1;0
"26";2020-03-31;NA;NA;3;0
"27";2020-04-01;NA;NA;8;0
"28";2020-04-02;NA;NA;4;0
"29";2020-04-03;NA;NA;5;0
"30";2020-04-04;NA;NA;2;0
"31";2020-04-05;NA;NA;0;0
"32";2020-04-06;NA;NA;4;0
"33";2020-04-07;NA;NA;8;0
"34";2020-04-08;NA;NA;4;0
"35";2020-04-09;NA;NA;5;0
"36";2020-04-10;NA;NA;5;0
"37";2020-04-11;NA;NA;5;0
"38";2020-04-12;NA;NA;4;0
"39";2020-04-13;NA;NA;12;0
"40";2020-04-14;NA;NA;11;0
"41";2020-04-15;NA;NA;11;0
"42";2020-04-16;NA;NA;5;0
"43";2020-04-17;NA;NA;9;0
"44";2020-04-18;NA;NA;8;0
"45";2020-04-19;NA;NA;4;0
"46";2020-04-20;NA;NA;6;0
"47";2020-04-21;NA;NA;5;0
"48";2020-04-22;NA;NA;5;0
"49";2020-04-23;NA;NA;8;0
"50";2020-04-24;NA;NA;4;0
"51";2020-04-25;NA;NA;1;0
"52";2020-04-26;NA;NA;0;0
"53";2020-04-27;NA;NA;5;0
"54";2020-04-28;NA;NA;1;0
"55";2020-04-29;NA;NA;2;0
"56";2020-04-30;NA;NA;4;0
"57";2020-05-01;NA;NA;0;0
"58";2020-05-02;NA;NA;1;0
"59";2020-05-03;NA;NA;0;0
"60";2020-05-04;NA;NA;1;0
"61";2020-05-05;NA;NA;0;0
"62";2020-05-06;NA;NA;0;0
"63";2020-05-07;NA;NA;2;0
"64";2020-05-08;NA;NA;0;0
"65";2020-05-09;NA;NA;1;0
"66";2020-05-10;NA;NA;1;0
"67";2020-05-11;NA;NA;0;0
"68";2020-05-12;NA;NA;0;0
"69";2020-05-13;NA;NA;1;0
"70";2020-05-14;NA;NA;1;0
"71";2020-05-15;NA;NA;0;0
"72";2020-05-16;NA;NA;1;0
"73";2020-05-17;NA;NA;1;0
"74";2020-05-18;NA;NA;0;0
"75";2020-05-19;NA;NA;0;0
"76";2020-05-20;NA;NA;0;0
"77";2020-05-21;NA;NA;0;0
"78";2020-05-22;NA;NA;0;0
"79";2020-05-23;NA;NA;1;0
"80";2020-05-24;NA;NA;0;0
"81";2020-05-25;NA;NA;0;0
"82";2020-05-26;NA;NA;0;0
"83";2020-05-27;NA;NA;0;0
"84";2020-05-28;NA;NA;0;0
"85";2020-05-29;NA;NA;0;0
"86";2020-05-30;NA;NA;0;0
"87";2020-05-31;NA;NA;0;0
"88";2020-06-01;NA;NA;0;0
"89";2020-06-02;NA;NA;0;0
"90";2020-06-03;NA;NA;0;0
"91";2020-06-04;NA;NA;0;0
"92";2020-06-05;NA;NA;0;0
"93";2020-06-06;NA;NA;0;0
"94";2020-06-07;NA;NA;0;0
"95";2020-06-08;NA;NA;0;0
"96";2020-06-09;NA;NA;0;0
"97";2020-06-10;NA;NA;0;0
"98";2020-06-11;NA;NA;2;0
"99";2020-06-12;NA;NA;0;0
"100";2020-06-13;NA;NA;0;0
"101";2020-06-14;NA;NA;0;0
"102";2020-06-15;NA;NA;0;0
"103";2020-06-16;NA;NA;0;0
"104";2020-06-17;NA;NA;0;0
"105";2020-06-18;NA;NA;2;0
"106";2020-06-19;NA;NA;1;0
"107";2020-06-20;NA;NA;1;0
"108";2020-06-21;NA;NA;0;0
"109";2020-06-22;NA;NA;1;0
"110";2020-06-23;NA;NA;2;0
"111";2020-06-24;NA;NA;1;0
"112";2020-06-25;NA;NA;0;0
"113";2020-06-26;NA;NA;2;0
"114";2020-06-27;NA;NA;0;0
"115";2020-06-28;NA;NA;0;0
"116";2020-06-29;NA;NA;0;0
"117";2020-06-30;NA;NA;0;0
"118";2020-07-01;NA;NA;1;0
"119";2020-07-02;NA;NA;1;0
"120";2020-07-03;NA;NA;1;0
"121";2020-07-04;NA;NA;1;0
"122";2020-07-05;NA;NA;0;0
"123";2020-07-06;NA;NA;2;0
"124";2020-07-07;NA;NA;0;0
"125";2020-07-08;NA;NA;3;0
"126";2020-07-09;NA;NA;2;0
"127";2020-07-10;NA;NA;0;0
"128";2020-07-11;NA;NA;0;0
"129";2020-07-12;NA;NA;1;0
"130";2020-07-13;NA;NA;1;0
"131";2020-07-14;NA;NA;1;0
"132";2020-07-15;NA;NA;3;0
"133";2020-07-16;NA;NA;2;0
"134";2020-07-17;NA;NA;1;0
"135";2020-07-18;NA;NA;1;0
"136";2020-07-19;NA;NA;1;0
"137";2020-07-20;NA;NA;1;0
"138";2020-07-21;NA;NA;4;0
"139";2020-07-22;NA;NA;2;0
"140";2020-07-23;NA;NA;2;0
"141";2020-07-24;NA;NA;3;0
"142";2020-07-25;NA;NA;3;0
"143";2020-07-26;NA;NA;0;0
"144";2020-07-27;NA;NA;3;0
"145";2020-07-28;NA;NA;3;0
"146";2020-07-29;NA;NA;2;0
"147";2020-07-30;NA;NA;4;0
"148";2020-07-31;NA;NA;3;0
"149";2020-08-01;NA;NA;3;0
"150";2020-08-02;NA;NA;0;0
"151";2020-08-03;NA;NA;4;0
"152";2020-08-04;NA;NA;4;0
"153";2020-08-05;NA;NA;4;0
"154";2020-08-06;NA;NA;5;0
"155";2020-08-07;NA;NA;6;0
"156";2020-08-08;NA;NA;1;0
"157";2020-08-09;NA;NA;7;0
"158";2020-08-10;NA;NA;7;0
"159";2020-08-11;NA;NA;4;0
"160";2020-08-12;NA;NA;5;0
"161";2020-08-13;NA;NA;2;0
"162";2020-08-14;NA;NA;8;0
"163";2020-08-15;NA;NA;2;0
"164";2020-08-16;NA;NA;1;0
"165";2020-08-17;NA;NA;3;0
"166";2020-08-18;NA;NA;1;0
"167";2020-08-19;NA;NA;4;0
"168";2020-08-20;NA;NA;7;0
"169";2020-08-21;NA;NA;7;0
"170";2020-08-22;NA;NA;3;0
"171";2020-08-23;NA;NA;2;0
"172";2020-08-24;NA;NA;7;0
"173";2020-08-25;NA;NA;11;0
"174";2020-08-26;NA;NA;3;0
"175";2020-08-27;NA;NA;15;0
"176";2020-08-28;NA;NA;12;0
"177";2020-08-29;NA;NA;5;0
"178";2020-08-30;NA;NA;2;0
"179";2020-08-31;NA;NA;9;0
"180";2020-09-01;NA;NA;7;0
"181";2020-09-02;NA;NA;13;0
"182";2020-09-03;NA;NA;14;0
"183";2020-09-04;NA;NA;13;0
"184";2020-09-05;NA;NA;13;0
"185";2020-09-06;NA;NA;7;0
"186";2020-09-07;NA;NA;10;0
"187";2020-09-08;NA;NA;12;0
"188";2020-09-09;NA;NA;14;0
"189";2020-09-10;NA;NA;14;0
"190";2020-09-11;NA;NA;19;0
"191";2020-09-12;NA;NA;6;0
"192";2020-09-13;NA;NA;13;0
"193";2020-09-14;NA;NA;17;0
"194";2020-09-15;NA;NA;14;0
"195";2020-09-16;NA;NA;13;0
"196";2020-09-17;NA;NA;19;0
"197";2020-09-18;NA;NA;26;0
"198";2020-09-19;NA;NA;9;0
"199";2020-09-20;NA;NA;20;0
"200";2020-09-21;NA;NA;28;0
"201";2020-09-22;NA;NA;31;0
"202";2020-09-23;NA;NA;29;0
"203";2020-09-24;NA;NA;44;0
"204";2020-09-25;NA;NA;30;0
"205";2020-09-26;NA;NA;27;0
"206";2020-09-27;NA;NA;24;0
"207";2020-09-28;NA;NA;35;0
"208";2020-09-29;NA;NA;33;0
"209";2020-09-30;NA;NA;45;0
"210";2020-10-01;NA;NA;29;0
"211";2020-10-02;NA;NA;68;0
"212";2020-10-03;NA;NA;47;0
"213";2020-10-04;NA;NA;37;0
"214";2020-10-05;NA;NA;52;0
"215";2020-10-06;NA;NA;58;0
"216";2020-10-07;NA;NA;63;0
"217";2020-10-08;NA;NA;75;0
"218";2020-10-09;NA;NA;73;0
"219";2020-10-10;NA;NA;61;0
"220";2020-10-11;NA;NA;46;0
"221";2020-10-12;NA;NA;91;0
"222";2020-10-13;NA;NA;79;0
"223";2020-10-14;NA;NA;95;0
"224";2020-10-15;NA;NA;97;0
"225";2020-10-16;NA;NA;107;0
"226";2020-10-17;NA;NA;76;0
"227";2020-10-18;NA;NA;73;0
"228";2020-10-19;NA;NA;127;0
"229";2020-10-20;NA;NA;148;0
"230";2020-10-21;NA;NA;140;0
"231";2020-10-22;NA;NA;149;0
"232";2020-10-23;NA;NA;171;0
"233";2020-10-24;NA;NA;114;0
"234";2020-10-25;NA;NA;131;0
"235";2020-10-26;NA;NA;170;0
"236";2020-10-27;NA;NA;165;0
"237";2020-10-28;NA;NA;174;0
"238";2020-10-29;NA;NA;136;0
"239";2020-10-30;NA;NA;127;0
"240";2020-10-31;NA;NA;117;0
"241";2020-11-01;NA;NA;118;0
"242";2020-11-02;NA;NA;173;0
"243";2020-11-03;NA;NA;176;0
"244";2020-11-04;NA;NA;172;0
"245";2020-11-05;NA;NA;192;0
"246";2020-11-06;NA;NA;193;0
"247";2020-11-07;NA;NA;116;0
"248";2020-11-08;NA;NA;124;0
"249";2020-11-09;NA;NA;146;0
"250";2020-11-10;NA;NA;144;0
"251";2020-11-11;NA;NA;135;0
"252";2020-11-12;NA;NA;162;0
"253";2020-11-13;NA;NA;157;0
"254";2020-11-14;NA;NA;116;0
"255";2020-11-15;NA;NA;80;0
"256";2020-11-16;NA;NA;207;0
"257";2020-11-17;NA;NA;81;0
"258";2020-11-18;NA;NA;153;0
"259";2020-11-19;NA;NA;134;0
"260";2020-11-20;NA;NA;146;0
"261";2020-11-21;NA;NA;75;0
"262";2020-11-22;NA;NA;85;0
"263";2020-11-23;NA;NA;168;0
"264";2020-11-24;NA;NA;175;0
"265";2020-11-25;NA;NA;168;0
"266";2020-11-26;NA;NA;171;0
"267";2020-11-27;NA;NA;176;0
"268";2020-11-28;NA;NA;102;0
"269";2020-11-29;NA;NA;89;0
"270";2020-11-30;NA;NA;164;0
"271";2020-12-01;NA;NA;163;0
"272";2020-12-02;NA;NA;166;0
"273";2020-12-03;NA;NA;173;0
"274";2020-12-04;NA;NA;175;0
"275";2020-12-05;NA;NA;106;0
"276";2020-12-06;NA;NA;121;0
"277";2020-12-07;NA;NA;237;0
"278";2020-12-08;NA;NA;228;0
"279";2020-12-09;NA;NA;185;0
"280";2020-12-10;NA;NA;238;0
"281";2020-12-11;NA;NA;225;0
"282";2020-12-12;NA;NA;145;0
"283";2020-12-13;NA;NA;142;0
"284";2020-12-14;NA;NA;220;0
"285";2020-12-15;NA;NA;232;0
"286";2020-12-16;NA;NA;263;0
"287";2020-12-17;NA;NA;208;0
"288";2020-12-18;NA;NA;247;0
"289";2020-12-19;NA;NA;155;0
"290";2020-12-20;NA;NA;155;0
"291";2020-12-21;NA;NA;259;0
"292";2020-12-22;NA;NA;277;0
"293";2020-12-23;NA;NA;251;0
"294";2020-12-24;NA;NA;162;0
"295";2020-12-25;NA;NA;203;0
"296";2020-12-26;NA;NA;184;0
"297";2020-12-27;NA;NA;201;0
"298";2020-12-28;NA;NA;335;0
"299";2020-12-29;NA;NA;303;0
"300";2020-12-30;NA;NA;282;0
"301";2020-12-31;NA;NA;258;0
"302";2021-01-01;NA;NA;185;0
"303";2021-01-02;NA;NA;221;0
"304";2021-01-03;NA;NA;209;0
"305";2021-01-04;NA;NA;295;0
"306";2021-01-05;NA;NA;320;0
"307";2021-01-06;NA;NA;253;0
"308";2021-01-07;NA;NA;329;0
"309";2021-01-08;NA;NA;384;0
"310";2021-01-09;NA;NA;262;0
"311";2021-01-10;NA;NA;192;0
"312";2021-01-11;NA;NA;378;0
"313";2021-01-12;NA;NA;278;0
"314";2021-01-13;NA;NA;301;0
"315";2021-01-14;NA;NA;314;0
"316";2021-01-15;NA;NA;329;0
"317";2021-01-16;NA;NA;255;0
"318";2021-01-17;NA;NA;227;0
"319";2021-01-18;NA;NA;306;0
"320";2021-01-19;NA;NA;314;0
"321";2021-01-20;NA;NA;268;0
"322";2021-01-21;NA;NA;260;0
"323";2021-01-22;NA;NA;354;0
"324";2021-01-23;NA;NA;217;0
"325";2021-01-24;NA;NA;228;0
"326";2021-01-25;NA;NA;333;0
"327";2021-01-26;NA;NA;302;0
"328";2021-01-27;NA;NA;297;0
"329";2021-01-28;NA;NA;336;0
"330";2021-01-29;NA;NA;325;0
"331";2021-01-30;NA;NA;240;0
"332";2021-01-31;NA;NA;233;0
"333";2021-02-01;NA;NA;365;0
"334";2021-02-02;NA;NA;325;0
"335";2021-02-03;NA;NA;311;0
"336";2021-02-04;NA;NA;310;0
"337";2021-02-05;NA;NA;358;0
"338";2021-02-06;NA;NA;211;0
"339";2021-02-07;NA;NA;234;0
"340";2021-02-08;NA;NA;436;0
"341";2021-02-09;NA;NA;388;0
"342";2021-02-10;NA;NA;358;0
"343";2021-02-11;NA;NA;388;0
"344";2021-02-12;NA;NA;380;0
"345";2021-02-13;NA;NA;303;0
"346";2021-02-14;NA;NA;241;0
"347";2021-02-15;NA;NA;453;0
"348";2021-02-16;NA;NA;424;0
"349";2021-02-17;NA;NA;407;0
"350";2021-02-18;NA;NA;431;0
"351";2021-02-19;NA;NA;389;0
"352";2021-02-20;NA;NA;299;0
"353";2021-02-21;NA;NA;320;0
"354";2021-02-22;NA;NA;469;0
"355";2021-02-23;NA;NA;434;0
"356";2021-02-24;NA;NA;475;0
"357";2021-02-25;NA;NA;459;0
"358";2021-02-26;NA;NA;394;0
"359";2021-02-27;NA;NA;291;0
"360";2021-02-28;NA;NA;304;0
"361";2021-03-01;NA;NA;436;0
"362";2021-03-02;NA;NA;400;0
"363";2021-03-03;NA;NA;351;0
"364";2021-03-04;NA;NA;406;0
"365";2021-03-05;NA;NA;373;0
"366";2021-03-06;NA;NA;254;0
"367";2021-03-07;NA;NA;293;0
"368";2021-03-08;NA;NA;387;0
"369";2021-03-09;NA;NA;355;0
"370";2021-03-10;NA;NA;360;0
"371";2021-03-11;NA;NA;342;0
"372";2021-03-12;NA;NA;362;0
"373";2021-03-13;NA;NA;235;0
"374";2021-03-14;NA;NA;261;0
"375";2021-03-15;NA;NA;342;0
"376";2021-03-16;NA;NA;325;0
"377";2021-03-17;NA;NA;332;0
"378";2021-03-18;NA;NA;312;0
"379";2021-03-19;NA;NA;292;0
"380";2021-03-20;NA;NA;229;0
"381";2021-03-21;NA;NA;204;0
"382";2021-03-22;NA;NA;340;0
"383";2021-03-23;NA;NA;335;0
"384";2021-03-24;NA;NA;286;0
"385";2021-03-25;NA;NA;297;0
"386";2021-03-26;NA;NA;312;0
"387";2021-03-27;NA;NA;198;0
"388";2021-03-28;NA;NA;168;0
"389";2021-03-29;NA;NA;272;0
"390";2021-03-30;NA;NA;277;0
"391";2021-03-31;NA;NA;291;0
"392";2021-04-01;NA;NA;241;0
"393";2021-04-02;NA;NA;166;0
"394";2021-04-03;NA;NA;184;0
"395";2021-04-04;NA;NA;168;0
"396";2021-04-05;NA;NA;143;0
"397";2021-04-06;NA;NA;237;0
"398";2021-04-07;NA;NA;214;0
"399";2021-04-08;NA;NA;194;0
"400";2021-04-09;NA;NA;205;0
"401";2021-04-10;NA;NA;144;0
"402";2021-04-11;NA;NA;118;0
"403";2021-04-12;NA;NA;198;0
"404";2021-04-13;NA;NA;160;0
"405";2021-04-14;NA;NA;145;0
"406";2021-04-15;NA;NA;141;0
"407";2021-04-16;NA;NA;136;0
"408";2021-04-17;NA;NA;100;0
"409";2021-04-18;NA;NA;103;0
"410";2021-04-19;NA;NA;165;0
"411";2021-04-20;NA;NA;138;0
"412";2021-04-21;NA;NA;124;0
"413";2021-04-22;NA;NA;116;0
"414";2021-04-23;NA;NA;123;0
"415";2021-04-24;NA;NA;95;0
"416";2021-04-25;NA;NA;70;0
"417";2021-04-26;NA;NA;131;0
"418";2021-04-27;NA;NA;121;0
"419";2021-04-28;NA;NA;98;0
"420";2021-04-29;NA;NA;98;0
"421";2021-04-30;NA;NA;102;0
"422";2021-05-01;NA;NA;68;0
"423";2021-05-02;NA;NA;78;0
"424";2021-05-03;NA;NA;118;0
"425";2021-05-04;NA;NA;90;0
"426";2021-05-05;NA;NA;84;0
"427";2021-05-06;NA;NA;80;0
"428";2021-05-07;NA;NA;73;0
"429";2021-05-08;NA;NA;55;0
"430";2021-05-09;NA;NA;59;0
"431";2021-05-10;NA;NA;82;0
"432";2021-05-11;NA;NA;58;0
"433";2021-05-12;NA;NA;59;0
"434";2021-05-13;NA;NA;58;0
"435";2021-05-14;NA;NA;64;0
"436";2021-05-15;NA;NA;37;0
"437";2021-05-16;NA;NA;37;0
"438";2021-05-17;NA;NA;69;0
"439";2021-05-18;NA;NA;42;0
"440";2021-05-19;NA;NA;22;0
"441";2021-05-20;NA;NA;49;0
"442";2021-05-21;NA;NA;34;0
"443";2021-05-22;NA;NA;19;0
"444";2021-05-23;NA;NA;19;0
"445";2021-05-24;NA;NA;35;0
"446";2021-05-25;NA;NA;28;0
"447";2021-05-26;"KoĹˇickĂ˝ kraj";TRUE;1;0
"448";2021-05-26;NA;NA;41;0
"449";2021-05-27;NA;NA;31;0
"450";2021-05-28;NA;NA;15;0
"451";2021-05-29;NA;NA;27;0
"452";2021-05-30;NA;NA;9;0
"453";2021-05-31;NA;NA;35;0
"454";2021-06-01;NA;NA;29;0
"455";2021-06-02;NA;NA;15;0
"456";2021-06-03;NA;NA;26;0
"457";2021-06-04;NA;NA;18;0
"458";2021-06-05;NA;NA;20;0
"459";2021-06-06;NA;NA;12;0
"460";2021-06-07;NA;NA;34;0
"461";2021-06-08;NA;NA;14;0
"462";2021-06-09;NA;NA;21;0
"463";2021-06-10;NA;NA;21;0
"464";2021-06-11;NA;NA;17;0
"465";2021-06-12;NA;NA;20;0
"466";2021-06-13;NA;NA;15;0
"467";2021-06-14;NA;NA;11;0
"468";2021-06-15;NA;NA;9;0
"469";2021-06-16;NA;NA;15;0
"470";2021-06-17;NA;NA;16;0
"471";2021-06-18;NA;NA;22;0
"472";2021-06-19;NA;NA;10;0
"473";2021-06-20;NA;NA;6;0
"474";2021-06-21;NA;NA;8;0
"475";2021-06-22;NA;NA;16;0
"476";2021-06-23;NA;NA;6;0
"477";2021-06-24;NA;NA;9;0
"478";2021-06-25;NA;NA;10;0
"479";2021-06-26;NA;NA;14;0
"480";2021-06-27;NA;NA;5;0
"481";2021-06-28;NA;NA;9;0
"482";2021-06-29;NA;NA;9;0
"483";2021-06-30;NA;NA;4;0
"484";2021-07-01;NA;NA;6;0
"485";2021-07-02;NA;NA;6;0
"486";2021-07-03;NA;NA;3;0
"487";2021-07-04;NA;NA;2;0
"488";2021-07-05;NA;NA;2;0
"489";2021-07-06;NA;NA;5;0
"490";2021-07-07;NA;NA;6;0
"491";2021-07-08;NA;NA;8;0
"492";2021-07-09;NA;NA;3;0
"493";2021-07-10;NA;NA;7;0
"494";2021-07-11;NA;NA;2;0
"495";2021-07-12;NA;NA;2;0
"496";2021-07-13;NA;NA;4;0
"497";2021-07-14;NA;NA;5;0
"498";2021-07-15;NA;NA;3;0
"499";2021-07-16;NA;NA;6;0
"500";2021-07-17;NA;NA;4;0
"501";2021-07-18;NA;NA;2;0
"502";2021-07-19;NA;NA;5;0
"503";2021-07-20;NA;NA;4;0
"504";2021-07-21;NA;NA;2;0
"505";2021-07-22;NA;NA;3;0
"506";2021-07-23;NA;NA;5;0
"507";2021-07-24;NA;NA;4;0
"508";2021-07-25;NA;NA;3;0
"509";2021-07-26;NA;NA;8;0
"510";2021-07-27;"KoĹˇickĂ˝ kraj";TRUE;1;0
"511";2021-07-27;NA;NA;4;0
"512";2021-07-28;NA;NA;5;0
"513";2021-07-29;"TrenÄŤiansky kraj";FALSE;1;0
"514";2021-07-29;NA;NA;5;0
"515";2021-07-30;"TrnavskĂ˝ kraj";FALSE;1;0
"516";2021-07-30;NA;NA;11;0
"517";2021-07-31;NA;NA;3;0
"518";2021-08-01;"KoĹˇickĂ˝ kraj";FALSE;1;1
"519";2021-08-01;NA;NA;3;0
"520";2021-08-02;NA;NA;4;0
"521";2021-08-03;NA;NA;2;0
"522";2021-08-04;"PreĹˇovskĂ˝ kraj";FALSE;1;0
"523";2021-08-04;NA;NA;6;0
"524";2021-08-05;"KoĹˇickĂ˝ kraj";FALSE;1;0
"525";2021-08-05;NA;NA;2;0
"526";2021-08-06;"KoĹˇickĂ˝ kraj";FALSE;2;0
"527";2021-08-06;NA;NA;8;0
"528";2021-08-07;"TrnavskĂ˝ kraj";FALSE;1;0
"529";2021-08-07;"KoĹˇickĂ˝ kraj";FALSE;1;0
"530";2021-08-07;NA;NA;3;0
"531";2021-08-08;"TrenÄŤiansky kraj";FALSE;1;0
"532";2021-08-08;NA;NA;3;0
"533";2021-08-09;"PreĹˇovskĂ˝ kraj";FALSE;1;0
"534";2021-08-09;NA;NA;1;0
"535";2021-08-10;"TrnavskĂ˝ kraj";TRUE;1;0
"536";2021-08-10;"Ĺ˝ilinskĂ˝ kraj";FALSE;1;0
"537";2021-08-10;NA;NA;2;0
"538";2021-08-11;"KoĹˇickĂ˝ kraj";FALSE;1;0
"539";2021-08-11;NA;NA;1;0
"540";2021-08-12;"Nitriansky kraj";FALSE;2;0
"541";2021-08-12;"Ĺ˝ilinskĂ˝ kraj";FALSE;1;0
"542";2021-08-12;"PreĹˇovskĂ˝ kraj";FALSE;1;0
"543";2021-08-12;"KoĹˇickĂ˝ kraj";FALSE;1;0
"544";2021-08-12;NA;NA;5;0
"545";2021-08-13;"BratislavskĂ˝ kraj";FALSE;1;0
"546";2021-08-13;"PreĹˇovskĂ˝ kraj";FALSE;1;0
"547";2021-08-13;"KoĹˇickĂ˝ kraj";FALSE;3;0
"548";2021-08-13;"KoĹˇickĂ˝ kraj";TRUE;1;0
"549";2021-08-13;NA;NA;2;0
"550";2021-08-14;"BratislavskĂ˝ kraj";FALSE;1;0
"551";2021-08-14;"Nitriansky kraj";FALSE;3;0
"552";2021-08-14;"Nitriansky kraj";TRUE;1;0
"553";2021-08-14;"BanskobystrickĂ˝ kraj";FALSE;1;0
"554";2021-08-14;"PreĹˇovskĂ˝ kraj";FALSE;2;0
"555";2021-08-14;NA;NA;2;0
"556";2021-08-15;"PreĹˇovskĂ˝ kraj";FALSE;1;0
"557";2021-08-15;"KoĹˇickĂ˝ kraj";FALSE;2;1
"558";2021-08-15;"KoĹˇickĂ˝ kraj";TRUE;2;0
"559";2021-08-15;NA;NA;4;0
"560";2021-08-16;"BratislavskĂ˝ kraj";FALSE;1;0
"561";2021-08-16;"Ĺ˝ilinskĂ˝ kraj";FALSE;1;0
"562";2021-08-16;"BanskobystrickĂ˝ kraj";FALSE;3;0
"563";2021-08-16;"BanskobystrickĂ˝ kraj";TRUE;1;0
"564";2021-08-16;"PreĹˇovskĂ˝ kraj";FALSE;2;0
"565";2021-08-16;"KoĹˇickĂ˝ kraj";FALSE;2;0
"566";2021-08-16;NA;NA;1;0
"567";2021-08-16;"Nitriansky kraj";FALSE;0;1
"568";2021-08-17;"BratislavskĂ˝ kraj";FALSE;1;0
"569";2021-08-17;"TrenÄŤiansky kraj";FALSE;1;0
"570";2021-08-17;"Nitriansky kraj";FALSE;1;0
"571";2021-08-17;"PreĹˇovskĂ˝ kraj";FALSE;2;0
"572";2021-08-17;"KoĹˇickĂ˝ kraj";FALSE;1;0
"573";2021-08-18;"BratislavskĂ˝ kraj";FALSE;1;0
"574";2021-08-18;"Nitriansky kraj";TRUE;1;0
"575";2021-08-18;"Ĺ˝ilinskĂ˝ kraj";FALSE;1;0
"576";2021-08-18;"KoĹˇickĂ˝ kraj";FALSE;1;0
"577";2021-08-18;NA;NA;1;0
"578";2021-08-18;"Nitriansky kraj";FALSE;0;1
"579";2021-08-19;"BratislavskĂ˝ kraj";FALSE;1;0
"580";2021-08-19;"BratislavskĂ˝ kraj";TRUE;1;0
"581";2021-08-19;"TrnavskĂ˝ kraj";FALSE;1;0
"582";2021-08-19;"Nitriansky kraj";FALSE;2;3
"583";2021-08-19;"PreĹˇovskĂ˝ kraj";FALSE;4;0
"584";2021-08-19;"KoĹˇickĂ˝ kraj";FALSE;1;3
"585";2021-08-19;"TrnavskĂ˝ kraj";TRUE;0;1
"586";2021-08-19;"Nitriansky kraj";TRUE;0;2
"587";2021-08-20;"BratislavskĂ˝ kraj";FALSE;3;2
"588";2021-08-20;"BratislavskĂ˝ kraj";TRUE;1;0
"589";2021-08-20;"PreĹˇovskĂ˝ kraj";FALSE;1;3
"590";2021-08-20;"KoĹˇickĂ˝ kraj";FALSE;1;2
"591";2021-08-20;"TrenÄŤiansky kraj";FALSE;0;1
"592";2021-08-20;"Nitriansky kraj";FALSE;0;1
"593";2021-08-20;"Ĺ˝ilinskĂ˝ kraj";FALSE;0;3
"594";2021-08-20;"BanskobystrickĂ˝ kraj";TRUE;0;1
"595";2021-08-20;"KoĹˇickĂ˝ kraj";TRUE;0;1
"596";2021-08-21;"BratislavskĂ˝ kraj";FALSE;2;0
"597";2021-08-21;"KoĹˇickĂ˝ kraj";FALSE;5;1
"598";2021-08-21;"KoĹˇickĂ˝ kraj";TRUE;0;1
"599";2021-08-22;"BratislavskĂ˝ kraj";FALSE;1;0
"600";2021-08-22;"Nitriansky kraj";FALSE;1;0
"601";2021-08-22;"KoĹˇickĂ˝ kraj";FALSE;1;0
"602";2021-08-22;"KoĹˇickĂ˝ kraj";TRUE;1;0
"603";2021-08-22;"BratislavskĂ˝ kraj";TRUE;0;1
"604";2021-08-22;"PreĹˇovskĂ˝ kraj";FALSE;0;1
"605";2021-08-23;"BratislavskĂ˝ kraj";TRUE;2;0
"606";2021-08-23;"TrnavskĂ˝ kraj";FALSE;1;0
"607";2021-08-23;"TrenÄŤiansky kraj";FALSE;1;1
"608";2021-08-23;"KoĹˇickĂ˝ kraj";FALSE;1;2
"609";2021-08-23;"BratislavskĂ˝ kraj";FALSE;0;1
"610";2021-08-23;"PreĹˇovskĂ˝ kraj";FALSE;0;1
"611";2021-08-24;"BratislavskĂ˝ kraj";FALSE;1;0
"612";2021-08-24;"TrnavskĂ˝ kraj";FALSE;1;0
"613";2021-08-24;"TrenÄŤiansky kraj";TRUE;1;0
"614";2021-08-24;"Ĺ˝ilinskĂ˝ kraj";FALSE;2;1
"615";2021-08-24;"PreĹˇovskĂ˝ kraj";FALSE;1;2
"616";2021-08-24;"KoĹˇickĂ˝ kraj";FALSE;4;2
"617";2021-08-24;"KoĹˇickĂ˝ kraj";TRUE;1;1
"618";2021-08-24;"BanskobystrickĂ˝ kraj";FALSE;0;1
"619";2021-08-25;"Ĺ˝ilinskĂ˝ kraj";FALSE;2;0
"620";2021-08-25;"PreĹˇovskĂ˝ kraj";FALSE;3;2
"621";2021-08-25;"KoĹˇickĂ˝ kraj";FALSE;1;3
"622";2021-08-25;"TrnavskĂ˝ kraj";FALSE;0;1
"623";2021-08-25;"BanskobystrickĂ˝ kraj";FALSE;0;1
"624";2021-08-25;"KoĹˇickĂ˝ kraj";TRUE;0;1
"625";2021-08-26;"BratislavskĂ˝ kraj";TRUE;1;0
"626";2021-08-26;"TrnavskĂ˝ kraj";FALSE;1;0
"627";2021-08-26;"TrenÄŤiansky kraj";FALSE;2;0
"628";2021-08-26;"TrenÄŤiansky kraj";TRUE;1;0
"629";2021-08-26;"Ĺ˝ilinskĂ˝ kraj";TRUE;1;0
"630";2021-08-26;"PreĹˇovskĂ˝ kraj";FALSE;2;1
"631";2021-08-26;"KoĹˇickĂ˝ kraj";FALSE;2;0
"632";2021-08-26;"KoĹˇickĂ˝ kraj";TRUE;1;0
"633";2021-08-26;"Ĺ˝ilinskĂ˝ kraj";FALSE;0;1
"634";2021-08-27;"BratislavskĂ˝ kraj";FALSE;2;2
"635";2021-08-27;"TrenÄŤiansky kraj";FALSE;1;0
"636";2021-08-27;"TrenÄŤiansky kraj";TRUE;1;0
"637";2021-08-27;"BanskobystrickĂ˝ kraj";FALSE;1;1
"638";2021-08-27;"PreĹˇovskĂ˝ kraj";FALSE;2;3
"639";2021-08-27;"PreĹˇovskĂ˝ kraj";TRUE;1;0
"640";2021-08-27;"KoĹˇickĂ˝ kraj";FALSE;2;0
"641";2021-08-27;"BratislavskĂ˝ kraj";TRUE;0;2
"642";2021-08-27;"Ĺ˝ilinskĂ˝ kraj";FALSE;0;1
"643";2021-08-28;"BratislavskĂ˝ kraj";TRUE;1;0
"644";2021-08-28;"TrenÄŤiansky kraj";FALSE;1;0
"645";2021-08-28;"Nitriansky kraj";TRUE;1;0
"646";2021-08-28;"Ĺ˝ilinskĂ˝ kraj";FALSE;1;0
"647";2021-08-28;"PreĹˇovskĂ˝ kraj";FALSE;2;0
"648";2021-08-28;"PreĹˇovskĂ˝ kraj";TRUE;1;0
"649";2021-08-28;"BratislavskĂ˝ kraj";FALSE;0;1
"650";2021-08-28;"KoĹˇickĂ˝ kraj";FALSE;0;1
"651";2021-08-28;"KoĹˇickĂ˝ kraj";TRUE;0;1
"652";2021-08-29;"TrenÄŤiansky kraj";FALSE;1;0
"653";2021-08-29;"Ĺ˝ilinskĂ˝ kraj";FALSE;2;0
"654";2021-08-29;"BanskobystrickĂ˝ kraj";TRUE;1;0
"655";2021-08-29;"PreĹˇovskĂ˝ kraj";FALSE;1;1
"656";2021-08-29;"KoĹˇickĂ˝ kraj";FALSE;5;0
"657";2021-08-30;"BratislavskĂ˝ kraj";FALSE;1;2
"658";2021-08-30;"BratislavskĂ˝ kraj";TRUE;1;1
"659";2021-08-30;"TrnavskĂ˝ kraj";FALSE;1;1
"660";2021-08-30;"TrenÄŤiansky kraj";FALSE;3;1
"661";2021-08-30;"Ĺ˝ilinskĂ˝ kraj";FALSE;1;0
"662";2021-08-30;"PreĹˇovskĂ˝ kraj";FALSE;1;1
"663";2021-08-30;"KoĹˇickĂ˝ kraj";FALSE;2;1
"664";2021-08-31;"TrenÄŤiansky kraj";FALSE;6;0
"665";2021-08-31;"TrenÄŤiansky kraj";TRUE;2;0
"666";2021-08-31;"Ĺ˝ilinskĂ˝ kraj";FALSE;3;1
"667";2021-08-31;"PreĹˇovskĂ˝ kraj";FALSE;4;2
"668";2021-08-31;"PreĹˇovskĂ˝ kraj";TRUE;1;0
"669";2021-08-31;"KoĹˇickĂ˝ kraj";FALSE;7;5
"670";2021-08-31;"KoĹˇickĂ˝ kraj";TRUE;1;0
"671";2021-08-31;"BratislavskĂ˝ kraj";FALSE;0;4
"672";2021-08-31;"BratislavskĂ˝ kraj";TRUE;0;2
"673";2021-08-31;"BanskobystrickĂ˝ kraj";TRUE;0;1
"674";2021-09-01;"BratislavskĂ˝ kraj";FALSE;1;0
"675";2021-09-01;"BratislavskĂ˝ kraj";TRUE;1;0
"676";2021-09-01;"TrenÄŤiansky kraj";FALSE;1;0
"677";2021-09-01;"Nitriansky kraj";FALSE;1;0
"678";2021-09-01;"PreĹˇovskĂ˝ kraj";FALSE;5;2
"679";2021-09-01;"PreĹˇovskĂ˝ kraj";TRUE;1;0
"680";2021-09-01;"KoĹˇickĂ˝ kraj";FALSE;1;2
"681";2021-09-01;"KoĹˇickĂ˝ kraj";TRUE;1;0
"682";2021-09-02;"BratislavskĂ˝ kraj";FALSE;1;2
"683";2021-09-02;"BratislavskĂ˝ kraj";TRUE;2;0
"684";2021-09-02;"TrenÄŤiansky kraj";FALSE;4;0
"685";2021-09-02;"TrenÄŤiansky kraj";TRUE;1;0
"686";2021-09-02;"Nitriansky kraj";FALSE;1;1
"687";2021-09-02;"Ĺ˝ilinskĂ˝ kraj";FALSE;2;0
"688";2021-09-02;"PreĹˇovskĂ˝ kraj";FALSE;2;3
"689";2021-09-02;"PreĹˇovskĂ˝ kraj";TRUE;2;0
"690";2021-09-02;"KoĹˇickĂ˝ kraj";FALSE;3;0
"691";2021-09-02;"KoĹˇickĂ˝ kraj";TRUE;1;0
"692";2021-09-03;"BratislavskĂ˝ kraj";FALSE;2;0
"693";2021-09-03;"TrnavskĂ˝ kraj";FALSE;2;0
"694";2021-09-03;"TrnavskĂ˝ kraj";TRUE;1;0
"695";2021-09-03;"TrenÄŤiansky kraj";FALSE;5;3
"696";2021-09-03;"TrenÄŤiansky kraj";TRUE;1;0
"697";2021-09-03;"Nitriansky kraj";FALSE;5;0
"698";2021-09-03;"Ĺ˝ilinskĂ˝ kraj";FALSE;1;0
"699";2021-09-03;"BanskobystrickĂ˝ kraj";FALSE;1;0
"700";2021-09-03;"PreĹˇovskĂ˝ kraj";FALSE;2;4
"701";2021-09-03;"KoĹˇickĂ˝ kraj";FALSE;7;1
"702";2021-09-03;"BratislavskĂ˝ kraj";TRUE;0;1
"703";2021-09-03;"Ĺ˝ilinskĂ˝ kraj";TRUE;0;1
"704";2021-09-03;"KoĹˇickĂ˝ kraj";TRUE;0;1
"705";2021-09-04;"BratislavskĂ˝ kraj";FALSE;2;1
"706";2021-09-04;"BratislavskĂ˝ kraj";TRUE;1;0
"707";2021-09-04;"TrnavskĂ˝ kraj";FALSE;2;0
"708";2021-09-04;"TrenÄŤiansky kraj";FALSE;4;1
"709";2021-09-04;"TrenÄŤiansky kraj";TRUE;1;0
"710";2021-09-04;"PreĹˇovskĂ˝ kraj";FALSE;2;1
"711";2021-09-04;"PreĹˇovskĂ˝ kraj";TRUE;1;0
"712";2021-09-04;"KoĹˇickĂ˝ kraj";FALSE;3;2
"713";2021-09-04;"KoĹˇickĂ˝ kraj";TRUE;1;0
"714";2021-09-04;"BanskobystrickĂ˝ kraj";FALSE;0;1
"715";2021-09-05;"BratislavskĂ˝ kraj";FALSE;1;1
"716";2021-09-05;"TrenÄŤiansky kraj";FALSE;3;0
"717";2021-09-05;"TrenÄŤiansky kraj";TRUE;1;0
"718";2021-09-05;"Nitriansky kraj";FALSE;2;0
"719";2021-09-05;"PreĹˇovskĂ˝ kraj";FALSE;2;2
"720";2021-09-05;"PreĹˇovskĂ˝ kraj";TRUE;1;0
"721";2021-09-05;"KoĹˇickĂ˝ kraj";FALSE;4;3
"722";2021-09-05;"KoĹˇickĂ˝ kraj";TRUE;1;0
"723";2021-09-05;"BratislavskĂ˝ kraj";TRUE;0;1
"724";2021-09-06;"BratislavskĂ˝ kraj";TRUE;1;0
"725";2021-09-06;"TrnavskĂ˝ kraj";FALSE;2;1
"726";2021-09-06;"TrnavskĂ˝ kraj";TRUE;2;0
"727";2021-09-06;"TrenÄŤiansky kraj";FALSE;1;1
"728";2021-09-06;"TrenÄŤiansky kraj";TRUE;3;0
"729";2021-09-06;"Nitriansky kraj";FALSE;1;3
"730";2021-09-06;"Ĺ˝ilinskĂ˝ kraj";FALSE;4;2
"731";2021-09-06;"BanskobystrickĂ˝ kraj";FALSE;2;1
"732";2021-09-06;"PreĹˇovskĂ˝ kraj";FALSE;2;5
"733";2021-09-06;"KoĹˇickĂ˝ kraj";FALSE;6;1
"734";2021-09-06;"KoĹˇickĂ˝ kraj";TRUE;1;0
"735";2021-09-06;"BratislavskĂ˝ kraj";FALSE;0;1
"736";2021-09-06;"PreĹˇovskĂ˝ kraj";TRUE;0;1
"737";2021-09-07;"BratislavskĂ˝ kraj";FALSE;4;1
"738";2021-09-07;"TrnavskĂ˝ kraj";FALSE;2;0
"739";2021-09-07;"TrenÄŤiansky kraj";FALSE;6;0
"740";2021-09-07;"TrenÄŤiansky kraj";TRUE;1;0
"741";2021-09-07;"Nitriansky kraj";FALSE;1;1
"742";2021-09-07;"Nitriansky kraj";TRUE;3;0
"743";2021-09-07;"PreĹˇovskĂ˝ kraj";TRUE;2;2
"744";2021-09-07;"KoĹˇickĂ˝ kraj";FALSE;3;9
"745";2021-09-07;"KoĹˇickĂ˝ kraj";TRUE;1;2
"746";2021-09-07;"PreĹˇovskĂ˝ kraj";FALSE;0;1
"747";2021-09-08;"BratislavskĂ˝ kraj";FALSE;2;0
"748";2021-09-08;"TrnavskĂ˝ kraj";TRUE;1;0
"749";2021-09-08;"TrenÄŤiansky kraj";FALSE;2;1
"750";2021-09-08;"TrenÄŤiansky kraj";TRUE;1;0
"751";2021-09-08;"Ĺ˝ilinskĂ˝ kraj";FALSE;3;1
"752";2021-09-08;"BanskobystrickĂ˝ kraj";FALSE;1;1
"753";2021-09-08;"BanskobystrickĂ˝ kraj";TRUE;1;0
"754";2021-09-08;"PreĹˇovskĂ˝ kraj";TRUE;1;1
"755";2021-09-08;"KoĹˇickĂ˝ kraj";FALSE;7;7
"756";2021-09-08;"KoĹˇickĂ˝ kraj";TRUE;1;1
"757";2021-09-08;"TrnavskĂ˝ kraj";FALSE;0;2
"758";2021-09-08;"Nitriansky kraj";TRUE;0;1
"759";2021-09-08;"PreĹˇovskĂ˝ kraj";FALSE;0;1
"760";2021-09-09;"BratislavskĂ˝ kraj";FALSE;3;2
"761";2021-09-09;"TrnavskĂ˝ kraj";FALSE;2;0
"762";2021-09-09;"TrenÄŤiansky kraj";FALSE;2;1
"763";2021-09-09;"TrenÄŤiansky kraj";TRUE;2;1
"764";2021-09-09;"Nitriansky kraj";FALSE;2;1
"765";2021-09-09;"Nitriansky kraj";TRUE;1;0
"766";2021-09-09;"Ĺ˝ilinskĂ˝ kraj";FALSE;4;3
"767";2021-09-09;"Ĺ˝ilinskĂ˝ kraj";TRUE;1;0
"768";2021-09-09;"BanskobystrickĂ˝ kraj";FALSE;6;1
"769";2021-09-09;"BanskobystrickĂ˝ kraj";TRUE;1;0
"770";2021-09-09;"PreĹˇovskĂ˝ kraj";FALSE;3;0
"771";2021-09-09;"PreĹˇovskĂ˝ kraj";TRUE;1;2
"772";2021-09-09;"KoĹˇickĂ˝ kraj";FALSE;8;2
"773";2021-09-09;"BratislavskĂ˝ kraj";TRUE;0;1
"774";2021-09-10;"BratislavskĂ˝ kraj";FALSE;2;1
"775";2021-09-10;"TrnavskĂ˝ kraj";FALSE;1;0
"776";2021-09-10;"TrenÄŤiansky kraj";FALSE;2;3
"777";2021-09-10;"TrenÄŤiansky kraj";TRUE;1;0
"778";2021-09-10;"Nitriansky kraj";FALSE;8;2
"779";2021-09-10;"Nitriansky kraj";TRUE;1;1
"780";2021-09-10;"Ĺ˝ilinskĂ˝ kraj";FALSE;7;5
"781";2021-09-10;"BanskobystrickĂ˝ kraj";FALSE;1;0
"782";2021-09-10;"BanskobystrickĂ˝ kraj";TRUE;1;0
"783";2021-09-10;"PreĹˇovskĂ˝ kraj";FALSE;3;2
"784";2021-09-10;"KoĹˇickĂ˝ kraj";FALSE;9;5
"785";2021-09-10;"KoĹˇickĂ˝ kraj";TRUE;1;0
"786";2021-09-10;"PreĹˇovskĂ˝ kraj";TRUE;0;2
"787";2021-09-11;"BratislavskĂ˝ kraj";FALSE;4;2
"788";2021-09-11;"TrnavskĂ˝ kraj";FALSE;1;1
"789";2021-09-11;"TrenÄŤiansky kraj";FALSE;3;2
"790";2021-09-11;"TrenÄŤiansky kraj";TRUE;2;0
"791";2021-09-11;"Nitriansky kraj";FALSE;4;2
"792";2021-09-11;"Ĺ˝ilinskĂ˝ kraj";FALSE;1;4
"793";2021-09-11;"Ĺ˝ilinskĂ˝ kraj";TRUE;1;0
"794";2021-09-11;"BanskobystrickĂ˝ kraj";FALSE;1;1
"795";2021-09-11;"PreĹˇovskĂ˝ kraj";FALSE;5;1
"796";2021-09-11;"KoĹˇickĂ˝ kraj";FALSE;8;0
"797";2021-09-11;"KoĹˇickĂ˝ kraj";TRUE;2;1
"798";2021-09-11;"Nitriansky kraj";TRUE;0;1
"799";2021-09-12;"BratislavskĂ˝ kraj";FALSE;1;0
"800";2021-09-12;"TrnavskĂ˝ kraj";FALSE;2;2
"801";2021-09-12;"TrenÄŤiansky kraj";FALSE;1;2
"802";2021-09-12;"Nitriansky kraj";FALSE;5;0
"803";2021-09-12;"Ĺ˝ilinskĂ˝ kraj";FALSE;4;2
"804";2021-09-12;"Ĺ˝ilinskĂ˝ kraj";TRUE;2;0
"805";2021-09-12;"BanskobystrickĂ˝ kraj";FALSE;2;1
"806";2021-09-12;"PreĹˇovskĂ˝ kraj";FALSE;5;1
"807";2021-09-12;"PreĹˇovskĂ˝ kraj";TRUE;3;1
"808";2021-09-12;"KoĹˇickĂ˝ kraj";FALSE;9;4
"809";2021-09-13;"BratislavskĂ˝ kraj";FALSE;2;3
"810";2021-09-13;"TrnavskĂ˝ kraj";FALSE;6;0
"811";2021-09-13;"TrnavskĂ˝ kraj";TRUE;3;0
"812";2021-09-13;"TrenÄŤiansky kraj";FALSE;5;2
"813";2021-09-13;"TrenÄŤiansky kraj";TRUE;1;0
"814";2021-09-13;"Nitriansky kraj";FALSE;4;15
"815";2021-09-13;"Ĺ˝ilinskĂ˝ kraj";FALSE;6;0
"816";2021-09-13;"BanskobystrickĂ˝ kraj";FALSE;4;0
"817";2021-09-13;"BanskobystrickĂ˝ kraj";TRUE;1;0
"818";2021-09-13;"PreĹˇovskĂ˝ kraj";FALSE;5;3
"819";2021-09-13;"PreĹˇovskĂ˝ kraj";TRUE;4;0
"820";2021-09-13;"KoĹˇickĂ˝ kraj";FALSE;9;5
"821";2021-09-13;"KoĹˇickĂ˝ kraj";TRUE;2;2
"822";2021-09-14;"BratislavskĂ˝ kraj";FALSE;2;0
"823";2021-09-14;"TrnavskĂ˝ kraj";FALSE;1;1
"824";2021-09-14;"TrnavskĂ˝ kraj";TRUE;1;0
"825";2021-09-14;"TrenÄŤiansky kraj";FALSE;5;1
"826";2021-09-14;"TrenÄŤiansky kraj";TRUE;1;2
"827";2021-09-14;"Nitriansky kraj";FALSE;2;1
"828";2021-09-14;"Nitriansky kraj";TRUE;1;0
"829";2021-09-14;"Ĺ˝ilinskĂ˝ kraj";FALSE;2;3
"830";2021-09-14;"Ĺ˝ilinskĂ˝ kraj";TRUE;2;1
"831";2021-09-14;"BanskobystrickĂ˝ kraj";FALSE;5;2
"832";2021-09-14;"PreĹˇovskĂ˝ kraj";FALSE;4;1
"833";2021-09-14;"PreĹˇovskĂ˝ kraj";TRUE;3;2
"834";2021-09-14;"KoĹˇickĂ˝ kraj";FALSE;9;6
"835";2021-09-14;"KoĹˇickĂ˝ kraj";TRUE;3;2
"836";2021-09-15;"BratislavskĂ˝ kraj";FALSE;1;6
"837";2021-09-15;"BratislavskĂ˝ kraj";TRUE;1;0
"838";2021-09-15;"TrnavskĂ˝ kraj";FALSE;1;1
"839";2021-09-15;"TrenÄŤiansky kraj";FALSE;3;2
"840";2021-09-15;"TrenÄŤiansky kraj";TRUE;2;0
"841";2021-09-15;"Nitriansky kraj";FALSE;3;0
"842";2021-09-15;"Ĺ˝ilinskĂ˝ kraj";FALSE;3;1
"843";2021-09-15;"Ĺ˝ilinskĂ˝ kraj";TRUE;4;0
"844";2021-09-15;"BanskobystrickĂ˝ kraj";FALSE;4;5
"845";2021-09-15;"PreĹˇovskĂ˝ kraj";FALSE;4;1
"846";2021-09-15;"PreĹˇovskĂ˝ kraj";TRUE;5;2
"847";2021-09-15;"KoĹˇickĂ˝ kraj";FALSE;9;3
"848";2021-09-15;"BanskobystrickĂ˝ kraj";TRUE;0;1
"849";2021-09-15;"KoĹˇickĂ˝ kraj";TRUE;0;1
"850";2021-09-16;"BratislavskĂ˝ kraj";TRUE;1;0
"851";2021-09-16;"TrnavskĂ˝ kraj";FALSE;3;3
"852";2021-09-16;"TrnavskĂ˝ kraj";TRUE;1;0
"853";2021-09-16;"TrenÄŤiansky kraj";FALSE;4;1
"854";2021-09-16;"Nitriansky kraj";FALSE;5;0
"855";2021-09-16;"Ĺ˝ilinskĂ˝ kraj";FALSE;4;2
"856";2021-09-16;"Ĺ˝ilinskĂ˝ kraj";TRUE;1;0
"857";2021-09-16;"BanskobystrickĂ˝ kraj";FALSE;1;1
"858";2021-09-16;"PreĹˇovskĂ˝ kraj";FALSE;6;3
"859";2021-09-16;"PreĹˇovskĂ˝ kraj";TRUE;4;1
"860";2021-09-16;"KoĹˇickĂ˝ kraj";FALSE;3;11
"861";2021-09-16;"TrenÄŤiansky kraj";TRUE;0;1
"862";2021-09-16;"Nitriansky kraj";TRUE;0;1
"863";2021-09-16;"BanskobystrickĂ˝ kraj";TRUE;0;1
"864";2021-09-16;"KoĹˇickĂ˝ kraj";TRUE;0;1
"865";2021-09-17;"BratislavskĂ˝ kraj";FALSE;2;3
"866";2021-09-17;"BratislavskĂ˝ kraj";TRUE;5;1
"867";2021-09-17;"TrnavskĂ˝ kraj";FALSE;2;1
"868";2021-09-17;"TrnavskĂ˝ kraj";TRUE;2;0
"869";2021-09-17;"TrenÄŤiansky kraj";FALSE;1;3
"870";2021-09-17;"Nitriansky kraj";FALSE;3;6
"871";2021-09-17;"Ĺ˝ilinskĂ˝ kraj";FALSE;6;5
"872";2021-09-17;"Ĺ˝ilinskĂ˝ kraj";TRUE;1;3
"873";2021-09-17;"BanskobystrickĂ˝ kraj";FALSE;8;1
"874";2021-09-17;"PreĹˇovskĂ˝ kraj";FALSE;9;3
"875";2021-09-17;"PreĹˇovskĂ˝ kraj";TRUE;4;2
"876";2021-09-17;"KoĹˇickĂ˝ kraj";FALSE;14;5
"877";2021-09-17;"KoĹˇickĂ˝ kraj";TRUE;3;2
"878";2021-09-17;"TrenÄŤiansky kraj";TRUE;0;3
"879";2021-09-17;"Nitriansky kraj";TRUE;0;1
"880";2021-09-18;"BratislavskĂ˝ kraj";FALSE;2;1
"881";2021-09-18;"TrnavskĂ˝ kraj";FALSE;1;0
"882";2021-09-18;"TrnavskĂ˝ kraj";TRUE;2;0
"883";2021-09-18;"TrenÄŤiansky kraj";FALSE;3;2
"884";2021-09-18;"TrenÄŤiansky kraj";TRUE;3;1
"885";2021-09-18;"Nitriansky kraj";FALSE;4;0
"886";2021-09-18;"Ĺ˝ilinskĂ˝ kraj";FALSE;5;2
"887";2021-09-18;"BanskobystrickĂ˝ kraj";FALSE;1;1
"888";2021-09-18;"PreĹˇovskĂ˝ kraj";FALSE;8;2
"889";2021-09-18;"PreĹˇovskĂ˝ kraj";TRUE;6;0
"890";2021-09-18;"KoĹˇickĂ˝ kraj";FALSE;6;3
"891";2021-09-18;"KoĹˇickĂ˝ kraj";TRUE;2;1
"892";2021-09-19;"BratislavskĂ˝ kraj";FALSE;2;0
"893";2021-09-19;"BratislavskĂ˝ kraj";TRUE;1;0
"894";2021-09-19;"TrnavskĂ˝ kraj";FALSE;2;0
"895";2021-09-19;"TrnavskĂ˝ kraj";TRUE;1;0
"896";2021-09-19;"TrenÄŤiansky kraj";FALSE;3;2
"897";2021-09-19;"Nitriansky kraj";FALSE;2;1
"898";2021-09-19;"Ĺ˝ilinskĂ˝ kraj";FALSE;1;6
"899";2021-09-19;"BanskobystrickĂ˝ kraj";FALSE;3;1
"900";2021-09-19;"PreĹˇovskĂ˝ kraj";FALSE;5;1
"901";2021-09-19;"KoĹˇickĂ˝ kraj";FALSE;8;2
"902";2021-09-19;"KoĹˇickĂ˝ kraj";TRUE;2;0
"903";2021-09-19;"Ĺ˝ilinskĂ˝ kraj";TRUE;0;2
"904";2021-09-20;"BratislavskĂ˝ kraj";FALSE;8;3
"905";2021-09-20;"TrnavskĂ˝ kraj";FALSE;1;0
"906";2021-09-20;"TrenÄŤiansky kraj";FALSE;3;5
"907";2021-09-20;"TrenÄŤiansky kraj";TRUE;4;1
"908";2021-09-20;"Nitriansky kraj";FALSE;1;5
"909";2021-09-20;"Ĺ˝ilinskĂ˝ kraj";FALSE;7;1
"910";2021-09-20;"BanskobystrickĂ˝ kraj";FALSE;3;1
"911";2021-09-20;"PreĹˇovskĂ˝ kraj";FALSE;16;6
"912";2021-09-20;"KoĹˇickĂ˝ kraj";FALSE;11;14
"913";2021-09-20;"KoĹˇickĂ˝ kraj";TRUE;2;0
"914";2021-09-20;"TrnavskĂ˝ kraj";TRUE;0;1
"915";2021-09-20;"Ĺ˝ilinskĂ˝ kraj";TRUE;0;1
"916";2021-09-20;"PreĹˇovskĂ˝ kraj";TRUE;0;2
"917";2021-09-21;"BratislavskĂ˝ kraj";FALSE;1;1
"918";2021-09-21;"BratislavskĂ˝ kraj";TRUE;2;0
"919";2021-09-21;"TrnavskĂ˝ kraj";FALSE;3;1
"920";2021-09-21;"TrnavskĂ˝ kraj";TRUE;2;3
"921";2021-09-21;"TrenÄŤiansky kraj";FALSE;2;4
"922";2021-09-21;"TrenÄŤiansky kraj";TRUE;1;2
"923";2021-09-21;"Nitriansky kraj";FALSE;4;3
"924";2021-09-21;"Nitriansky kraj";TRUE;2;3
"925";2021-09-21;"Ĺ˝ilinskĂ˝ kraj";FALSE;11;7
"926";2021-09-21;"Ĺ˝ilinskĂ˝ kraj";TRUE;2;1
"927";2021-09-21;"BanskobystrickĂ˝ kraj";FALSE;1;2
"928";2021-09-21;"PreĹˇovskĂ˝ kraj";FALSE;11;7
"929";2021-09-21;"PreĹˇovskĂ˝ kraj";TRUE;3;2
"930";2021-09-21;"KoĹˇickĂ˝ kraj";FALSE;14;8
"931";2021-09-21;"KoĹˇickĂ˝ kraj";TRUE;1;1
"932";2021-09-22;"BratislavskĂ˝ kraj";FALSE;4;4
"933";2021-09-22;"BratislavskĂ˝ kraj";TRUE;1;2
"934";2021-09-22;"TrnavskĂ˝ kraj";FALSE;2;2
"935";2021-09-22;"TrenÄŤiansky kraj";FALSE;3;4
"936";2021-09-22;"TrenÄŤiansky kraj";TRUE;2;2
"937";2021-09-22;"Nitriansky kraj";FALSE;4;1
"938";2021-09-22;"Nitriansky kraj";TRUE;1;0
"939";2021-09-22;"Ĺ˝ilinskĂ˝ kraj";FALSE;11;4
"940";2021-09-22;"Ĺ˝ilinskĂ˝ kraj";TRUE;1;0
"941";2021-09-22;"BanskobystrickĂ˝ kraj";FALSE;6;2
"942";2021-09-22;"PreĹˇovskĂ˝ kraj";FALSE;10;6
"943";2021-09-22;"PreĹˇovskĂ˝ kraj";TRUE;3;1
"944";2021-09-22;"KoĹˇickĂ˝ kraj";FALSE;14;8
"945";2021-09-22;"KoĹˇickĂ˝ kraj";TRUE;1;1
"946";2021-09-22;"TrnavskĂ˝ kraj";TRUE;0;1
"947";2021-09-23;"BratislavskĂ˝ kraj";FALSE;5;5
"948";2021-09-23;"TrnavskĂ˝ kraj";FALSE;4;3
"949";2021-09-23;"TrnavskĂ˝ kraj";TRUE;1;1
"950";2021-09-23;"TrenÄŤiansky kraj";FALSE;4;4
"951";2021-09-23;"TrenÄŤiansky kraj";TRUE;2;2
"952";2021-09-23;"Nitriansky kraj";FALSE;2;2
"953";2021-09-23;"Ĺ˝ilinskĂ˝ kraj";FALSE;6;4
"954";2021-09-23;"BanskobystrickĂ˝ kraj";FALSE;7;1
"955";2021-09-23;"PreĹˇovskĂ˝ kraj";FALSE;10;2
"956";2021-09-23;"PreĹˇovskĂ˝ kraj";TRUE;4;1
"957";2021-09-23;"KoĹˇickĂ˝ kraj";FALSE;10;5
"958";2021-09-23;"KoĹˇickĂ˝ kraj";TRUE;1;1
"959";2021-09-23;"BratislavskĂ˝ kraj";TRUE;0;2
"960";2021-09-24;"BratislavskĂ˝ kraj";FALSE;3;1
"961";2021-09-24;"BratislavskĂ˝ kraj";TRUE;4;2
"962";2021-09-24;"TrnavskĂ˝ kraj";TRUE;2;5
"963";2021-09-24;"TrenÄŤiansky kraj";FALSE;9;10
"964";2021-09-24;"TrenÄŤiansky kraj";TRUE;4;4
"965";2021-09-24;"Nitriansky kraj";FALSE;3;4
"966";2021-09-24;"Ĺ˝ilinskĂ˝ kraj";FALSE;9;7
"967";2021-09-24;"Ĺ˝ilinskĂ˝ kraj";TRUE;2;4
"968";2021-09-24;"BanskobystrickĂ˝ kraj";FALSE;2;2
"969";2021-09-24;"BanskobystrickĂ˝ kraj";TRUE;1;0
"970";2021-09-24;"PreĹˇovskĂ˝ kraj";FALSE;9;13
"971";2021-09-24;"PreĹˇovskĂ˝ kraj";TRUE;2;3
"972";2021-09-24;"KoĹˇickĂ˝ kraj";FALSE;9;10
"973";2021-09-24;"TrnavskĂ˝ kraj";FALSE;0;2
"974";2021-09-24;"KoĹˇickĂ˝ kraj";TRUE;0;2
"975";2021-09-25;"BratislavskĂ˝ kraj";FALSE;1;0
"976";2021-09-25;"BratislavskĂ˝ kraj";TRUE;2;0
"977";2021-09-25;"TrnavskĂ˝ kraj";FALSE;3;2
"978";2021-09-25;"TrenÄŤiansky kraj";FALSE;5;0
"979";2021-09-25;"TrenÄŤiansky kraj";TRUE;1;1
"980";2021-09-25;"Nitriansky kraj";FALSE;3;1
"981";2021-09-25;"Nitriansky kraj";TRUE;1;1
"982";2021-09-25;"Ĺ˝ilinskĂ˝ kraj";FALSE;4;0
"983";2021-09-25;"BanskobystrickĂ˝ kraj";FALSE;5;1
"984";2021-09-25;"PreĹˇovskĂ˝ kraj";FALSE;4;0
"985";2021-09-25;"PreĹˇovskĂ˝ kraj";TRUE;4;0
"986";2021-09-25;"KoĹˇickĂ˝ kraj";FALSE;8;4
"987";2021-09-25;"KoĹˇickĂ˝ kraj";TRUE;1;2
"988";2021-09-26;"BratislavskĂ˝ kraj";FALSE;3;1
"989";2021-09-26;"BratislavskĂ˝ kraj";TRUE;1;0
"990";2021-09-26;"TrnavskĂ˝ kraj";FALSE;5;4
"991";2021-09-26;"TrnavskĂ˝ kraj";TRUE;1;1
"992";2021-09-26;"Nitriansky kraj";FALSE;2;3
"993";2021-09-26;"Ĺ˝ilinskĂ˝ kraj";FALSE;6;2
"994";2021-09-26;"Ĺ˝ilinskĂ˝ kraj";TRUE;1;0
"995";2021-09-26;"BanskobystrickĂ˝ kraj";FALSE;3;3
"996";2021-09-26;"PreĹˇovskĂ˝ kraj";FALSE;12;1
"997";2021-09-26;"PreĹˇovskĂ˝ kraj";TRUE;5;1
"998";2021-09-26;"KoĹˇickĂ˝ kraj";FALSE;5;3
"999";2021-09-26;"KoĹˇickĂ˝ kraj";TRUE;3;0
"1000";2021-09-26;"TrenÄŤiansky kraj";FALSE;0;1
"1001";2021-09-27;"BratislavskĂ˝ kraj";FALSE;4;5
"1002";2021-09-27;"BratislavskĂ˝ kraj";TRUE;4;3
"1003";2021-09-27;"TrnavskĂ˝ kraj";FALSE;2;3
"1004";2021-09-27;"TrnavskĂ˝ kraj";TRUE;1;1
"1005";2021-09-27;"TrenÄŤiansky kraj";FALSE;7;4
"1006";2021-09-27;"Nitriansky kraj";FALSE;5;3
"1007";2021-09-27;"Nitriansky kraj";TRUE;1;0
"1008";2021-09-27;"Ĺ˝ilinskĂ˝ kraj";FALSE;14;5
"1009";2021-09-27;"Ĺ˝ilinskĂ˝ kraj";TRUE;2;0
"1010";2021-09-27;"BanskobystrickĂ˝ kraj";FALSE;2;3
"1011";2021-09-27;"PreĹˇovskĂ˝ kraj";FALSE;15;10
"1012";2021-09-27;"KoĹˇickĂ˝ kraj";FALSE;18;14
"1013";2021-09-27;"KoĹˇickĂ˝ kraj";TRUE;4;1
"1014";2021-09-27;"PreĹˇovskĂ˝ kraj";TRUE;0;3
"1015";2021-09-28;"BratislavskĂ˝ kraj";FALSE;4;2
"1016";2021-09-28;"TrnavskĂ˝ kraj";TRUE;3;1
"1017";2021-09-28;"TrenÄŤiansky kraj";FALSE;2;4
"1018";2021-09-28;"Nitriansky kraj";FALSE;6;4
"1019";2021-09-28;"Ĺ˝ilinskĂ˝ kraj";FALSE;19;15
"1020";2021-09-28;"Ĺ˝ilinskĂ˝ kraj";TRUE;1;0
"1021";2021-09-28;"BanskobystrickĂ˝ kraj";FALSE;9;8
"1022";2021-09-28;"BanskobystrickĂ˝ kraj";TRUE;3;1
"1023";2021-09-28;"PreĹˇovskĂ˝ kraj";FALSE;8;7
"1024";2021-09-28;"PreĹˇovskĂ˝ kraj";TRUE;4;4
"1025";2021-09-28;"KoĹˇickĂ˝ kraj";FALSE;14;8
"1026";2021-09-28;"KoĹˇickĂ˝ kraj";TRUE;3;3
"1027";2021-09-28;"BratislavskĂ˝ kraj";TRUE;0;2
"1028";2021-09-28;"TrenÄŤiansky kraj";TRUE;0;3
"1029";2021-09-28;"Nitriansky kraj";TRUE;0;1
"1030";2021-09-29;"BratislavskĂ˝ kraj";FALSE;5;4
"1031";2021-09-29;"TrnavskĂ˝ kraj";FALSE;3;5
"1032";2021-09-29;"TrnavskĂ˝ kraj";TRUE;1;0
"1033";2021-09-29;"TrenÄŤiansky kraj";FALSE;5;3
"1034";2021-09-29;"TrenÄŤiansky kraj";TRUE;2;0
"1035";2021-09-29;"Nitriansky kraj";FALSE;2;1
"1036";2021-09-29;"Ĺ˝ilinskĂ˝ kraj";FALSE;19;9
"1037";2021-09-29;"Ĺ˝ilinskĂ˝ kraj";TRUE;2;4
"1038";2021-09-29;"BanskobystrickĂ˝ kraj";FALSE;10;5
"1039";2021-09-29;"BanskobystrickĂ˝ kraj";TRUE;3;1
"1040";2021-09-29;"PreĹˇovskĂ˝ kraj";FALSE;12;13
"1041";2021-09-29;"PreĹˇovskĂ˝ kraj";TRUE;5;3
"1042";2021-09-29;"KoĹˇickĂ˝ kraj";FALSE;15;11
"1043";2021-09-29;"KoĹˇickĂ˝ kraj";TRUE;4;1
"1044";2021-09-29;"BratislavskĂ˝ kraj";TRUE;0;2
"1045";2021-09-30;"BratislavskĂ˝ kraj";FALSE;5;2
"1046";2021-09-30;"TrnavskĂ˝ kraj";FALSE;1;2
"1047";2021-09-30;"TrnavskĂ˝ kraj";TRUE;1;2
"1048";2021-09-30;"TrenÄŤiansky kraj";FALSE;5;4
"1049";2021-09-30;"TrenÄŤiansky kraj";TRUE;1;1
"1050";2021-09-30;"Nitriansky kraj";FALSE;2;4
"1051";2021-09-30;"Ĺ˝ilinskĂ˝ kraj";FALSE;10;7
"1052";2021-09-30;"Ĺ˝ilinskĂ˝ kraj";TRUE;5;0
"1053";2021-09-30;"BanskobystrickĂ˝ kraj";FALSE;6;5
"1054";2021-09-30;"BanskobystrickĂ˝ kraj";TRUE;3;0
"1055";2021-09-30;"PreĹˇovskĂ˝ kraj";FALSE;6;9
"1056";2021-09-30;"PreĹˇovskĂ˝ kraj";TRUE;1;0
"1057";2021-09-30;"KoĹˇickĂ˝ kraj";FALSE;14;11
"1058";2021-09-30;"KoĹˇickĂ˝ kraj";TRUE;3;0
"1059";2021-09-30;"BratislavskĂ˝ kraj";TRUE;0;3
"1060";2021-09-30;"Nitriansky kraj";TRUE;0;1
"1061";2021-10-01;"BratislavskĂ˝ kraj";FALSE;5;3
"1062";2021-10-01;"TrnavskĂ˝ kraj";FALSE;5;1
"1063";2021-10-01;"TrnavskĂ˝ kraj";TRUE;4;1
"1064";2021-10-01;"TrenÄŤiansky kraj";FALSE;4;5
"1065";2021-10-01;"TrenÄŤiansky kraj";TRUE;1;5
"1066";2021-10-01;"Nitriansky kraj";FALSE;4;3
"1067";2021-10-01;"Ĺ˝ilinskĂ˝ kraj";FALSE;15;12
"1068";2021-10-01;"Ĺ˝ilinskĂ˝ kraj";TRUE;3;1
"1069";2021-10-01;"BanskobystrickĂ˝ kraj";FALSE;10;9
"1070";2021-10-01;"BanskobystrickĂ˝ kraj";TRUE;2;1
"1071";2021-10-01;"PreĹˇovskĂ˝ kraj";FALSE;12;16
"1072";2021-10-01;"PreĹˇovskĂ˝ kraj";TRUE;2;5
"1073";2021-10-01;"KoĹˇickĂ˝ kraj";FALSE;8;17
"1074";2021-10-01;"KoĹˇickĂ˝ kraj";TRUE;4;2
"1075";2021-10-01;"BratislavskĂ˝ kraj";TRUE;0;2
"1076";2021-10-02;"BratislavskĂ˝ kraj";FALSE;9;3
"1077";2021-10-02;"BratislavskĂ˝ kraj";TRUE;2;1
"1078";2021-10-02;"TrnavskĂ˝ kraj";FALSE;3;2
"1079";2021-10-02;"TrenÄŤiansky kraj";FALSE;4;2
"1080";2021-10-02;"TrenÄŤiansky kraj";TRUE;1;0
"1081";2021-10-02;"Nitriansky kraj";FALSE;3;0
"1082";2021-10-02;"Ĺ˝ilinskĂ˝ kraj";FALSE;7;3
"1083";2021-10-02;"Ĺ˝ilinskĂ˝ kraj";TRUE;1;0
"1084";2021-10-02;"BanskobystrickĂ˝ kraj";FALSE;5;5
"1085";2021-10-02;"BanskobystrickĂ˝ kraj";TRUE;1;1
"1086";2021-10-02;"PreĹˇovskĂ˝ kraj";FALSE;9;9
"1087";2021-10-02;"PreĹˇovskĂ˝ kraj";TRUE;3;4
"1088";2021-10-02;"KoĹˇickĂ˝ kraj";FALSE;12;5
"1089";2021-10-02;"KoĹˇickĂ˝ kraj";TRUE;1;1
"1090";2021-10-03;"BratislavskĂ˝ kraj";FALSE;5;1
"1091";2021-10-03;"TrnavskĂ˝ kraj";FALSE;4;2
"1092";2021-10-03;"TrnavskĂ˝ kraj";TRUE;2;0
"1093";2021-10-03;"TrenÄŤiansky kraj";FALSE;4;0
"1094";2021-10-03;"TrenÄŤiansky kraj";TRUE;1;2
"1095";2021-10-03;"Nitriansky kraj";FALSE;2;1
"1096";2021-10-03;"Ĺ˝ilinskĂ˝ kraj";FALSE;18;4
"1097";2021-10-03;"Ĺ˝ilinskĂ˝ kraj";TRUE;2;1
"1098";2021-10-03;"BanskobystrickĂ˝ kraj";FALSE;6;3
"1099";2021-10-03;"BanskobystrickĂ˝ kraj";TRUE;2;0
"1100";2021-10-03;"PreĹˇovskĂ˝ kraj";FALSE;13;2
"1101";2021-10-03;"PreĹˇovskĂ˝ kraj";TRUE;4;1
"1102";2021-10-03;"KoĹˇickĂ˝ kraj";FALSE;5;10
"1103";2021-10-03;"KoĹˇickĂ˝ kraj";TRUE;1;1
"1104";2021-10-04;"BratislavskĂ˝ kraj";FALSE;8;9
"1105";2021-10-04;"BratislavskĂ˝ kraj";TRUE;2;3
"1106";2021-10-04;"TrnavskĂ˝ kraj";FALSE;6;4
"1107";2021-10-04;"TrnavskĂ˝ kraj";TRUE;2;1
"1108";2021-10-04;"TrenÄŤiansky kraj";FALSE;9;7
"1109";2021-10-04;"TrenÄŤiansky kraj";TRUE;3;1
"1110";2021-10-04;"Nitriansky kraj";FALSE;7;3
"1111";2021-10-04;"Nitriansky kraj";TRUE;3;1
"1112";2021-10-04;"Ĺ˝ilinskĂ˝ kraj";FALSE;22;14
"1113";2021-10-04;"Ĺ˝ilinskĂ˝ kraj";TRUE;4;4
"1114";2021-10-04;"BanskobystrickĂ˝ kraj";FALSE;12;5
"1115";2021-10-04;"BanskobystrickĂ˝ kraj";TRUE;4;1
"1116";2021-10-04;"PreĹˇovskĂ˝ kraj";FALSE;9;9
"1117";2021-10-04;"PreĹˇovskĂ˝ kraj";TRUE;3;4
"1118";2021-10-04;"KoĹˇickĂ˝ kraj";FALSE;21;13
"1119";2021-10-04;"KoĹˇickĂ˝ kraj";TRUE;2;0
"1120";2021-10-05;"BratislavskĂ˝ kraj";FALSE;6;4
"1121";2021-10-05;"BratislavskĂ˝ kraj";TRUE;1;1
"1122";2021-10-05;"TrnavskĂ˝ kraj";FALSE;5;1
"1123";2021-10-05;"TrnavskĂ˝ kraj";TRUE;3;3
"1124";2021-10-05;"TrenÄŤiansky kraj";FALSE;9;12
"1125";2021-10-05;"TrenÄŤiansky kraj";TRUE;2;2
"1126";2021-10-05;"Nitriansky kraj";FALSE;1;4
"1127";2021-10-05;"Nitriansky kraj";TRUE;2;1
"1128";2021-10-05;"Ĺ˝ilinskĂ˝ kraj";FALSE;28;18
"1129";2021-10-05;"Ĺ˝ilinskĂ˝ kraj";TRUE;7;2
"1130";2021-10-05;"BanskobystrickĂ˝ kraj";FALSE;10;9
"1131";2021-10-05;"PreĹˇovskĂ˝ kraj";FALSE;21;10
"1132";2021-10-05;"PreĹˇovskĂ˝ kraj";TRUE;8;3
"1133";2021-10-05;"KoĹˇickĂ˝ kraj";FALSE;13;18
"1134";2021-10-05;"KoĹˇickĂ˝ kraj";TRUE;1;3
"1135";2021-10-05;"BanskobystrickĂ˝ kraj";TRUE;0;2
"1136";2021-10-06;"BratislavskĂ˝ kraj";FALSE;6;4
"1137";2021-10-06;"BratislavskĂ˝ kraj";TRUE;2;1
"1138";2021-10-06;"TrnavskĂ˝ kraj";FALSE;9;1
"1139";2021-10-06;"TrenÄŤiansky kraj";FALSE;8;3
"1140";2021-10-06;"TrenÄŤiansky kraj";TRUE;1;3
"1141";2021-10-06;"Nitriansky kraj";FALSE;4;5
"1142";2021-10-06;"Ĺ˝ilinskĂ˝ kraj";FALSE;18;14
"1143";2021-10-06;"Ĺ˝ilinskĂ˝ kraj";TRUE;2;1
"1144";2021-10-06;"BanskobystrickĂ˝ kraj";FALSE;10;7
"1145";2021-10-06;"BanskobystrickĂ˝ kraj";TRUE;3;1
"1146";2021-10-06;"PreĹˇovskĂ˝ kraj";FALSE;14;13
"1147";2021-10-06;"PreĹˇovskĂ˝ kraj";TRUE;2;6
"1148";2021-10-06;"KoĹˇickĂ˝ kraj";FALSE;20;11
"1149";2021-10-06;"KoĹˇickĂ˝ kraj";TRUE;1;3
"1150";2021-10-06;"Nitriansky kraj";TRUE;0;1
"1151";2021-10-07;"BratislavskĂ˝ kraj";FALSE;9;7
"1152";2021-10-07;"BratislavskĂ˝ kraj";TRUE;2;0
"1153";2021-10-07;"TrnavskĂ˝ kraj";FALSE;1;6
"1154";2021-10-07;"TrnavskĂ˝ kraj";TRUE;1;5
"1155";2021-10-07;"TrenÄŤiansky kraj";FALSE;4;9
"1156";2021-10-07;"TrenÄŤiansky kraj";TRUE;3;2
"1157";2021-10-07;"Nitriansky kraj";FALSE;3;2
"1158";2021-10-07;"Nitriansky kraj";TRUE;1;0
"1159";2021-10-07;"Ĺ˝ilinskĂ˝ kraj";FALSE;20;21
"1160";2021-10-07;"Ĺ˝ilinskĂ˝ kraj";TRUE;2;3
"1161";2021-10-07;"BanskobystrickĂ˝ kraj";FALSE;14;5
"1162";2021-10-07;"BanskobystrickĂ˝ kraj";TRUE;1;2
"1163";2021-10-07;"PreĹˇovskĂ˝ kraj";FALSE;16;9
"1164";2021-10-07;"PreĹˇovskĂ˝ kraj";TRUE;6;3
"1165";2021-10-07;"KoĹˇickĂ˝ kraj";FALSE;21;13
"1166";2021-10-07;"KoĹˇickĂ˝ kraj";TRUE;2;3
"1167";2021-10-08;"BratislavskĂ˝ kraj";FALSE;6;11
"1168";2021-10-08;"BratislavskĂ˝ kraj";TRUE;1;0
"1169";2021-10-08;"TrnavskĂ˝ kraj";FALSE;7;3
"1170";2021-10-08;"TrnavskĂ˝ kraj";TRUE;1;1
"1171";2021-10-08;"TrenÄŤiansky kraj";FALSE;6;7
"1172";2021-10-08;"TrenÄŤiansky kraj";TRUE;1;1
"1173";2021-10-08;"Nitriansky kraj";FALSE;3;4
"1174";2021-10-08;"Ĺ˝ilinskĂ˝ kraj";FALSE;15;18
"1175";2021-10-08;"Ĺ˝ilinskĂ˝ kraj";TRUE;4;2
"1176";2021-10-08;"BanskobystrickĂ˝ kraj";FALSE;4;11
"1177";2021-10-08;"BanskobystrickĂ˝ kraj";TRUE;4;2
"1178";2021-10-08;"PreĹˇovskĂ˝ kraj";FALSE;25;14
"1179";2021-10-08;"PreĹˇovskĂ˝ kraj";TRUE;9;7
"1180";2021-10-08;"KoĹˇickĂ˝ kraj";FALSE;13;12
"1181";2021-10-08;"KoĹˇickĂ˝ kraj";TRUE;3;3
"1182";2021-10-09;"BratislavskĂ˝ kraj";FALSE;6;3
"1183";2021-10-09;"BratislavskĂ˝ kraj";TRUE;1;2
"1184";2021-10-09;"TrnavskĂ˝ kraj";FALSE;4;2
"1185";2021-10-09;"TrenÄŤiansky kraj";FALSE;4;0
"1186";2021-10-09;"Nitriansky kraj";FALSE;2;3
"1187";2021-10-09;"Ĺ˝ilinskĂ˝ kraj";FALSE;21;5
"1188";2021-10-09;"Ĺ˝ilinskĂ˝ kraj";TRUE;3;0
"1189";2021-10-09;"BanskobystrickĂ˝ kraj";FALSE;6;4
"1190";2021-10-09;"BanskobystrickĂ˝ kraj";TRUE;1;0
"1191";2021-10-09;"PreĹˇovskĂ˝ kraj";FALSE;11;5
"1192";2021-10-09;"PreĹˇovskĂ˝ kraj";TRUE;2;0
"1193";2021-10-09;"KoĹˇickĂ˝ kraj";FALSE;11;6
"1194";2021-10-09;"KoĹˇickĂ˝ kraj";TRUE;2;2
"1195";2021-10-10;"BratislavskĂ˝ kraj";FALSE;2;1
"1196";2021-10-10;"BratislavskĂ˝ kraj";TRUE;3;0
"1197";2021-10-10;"TrnavskĂ˝ kraj";FALSE;3;1
"1198";2021-10-10;"TrenÄŤiansky kraj";FALSE;4;1
"1199";2021-10-10;"TrenÄŤiansky kraj";TRUE;2;1
"1200";2021-10-10;"Nitriansky kraj";FALSE;1;0
"1201";2021-10-10;"Ĺ˝ilinskĂ˝ kraj";FALSE;9;4
"1202";2021-10-10;"Ĺ˝ilinskĂ˝ kraj";TRUE;2;1
"1203";2021-10-10;"BanskobystrickĂ˝ kraj";FALSE;2;7
"1204";2021-10-10;"BanskobystrickĂ˝ kraj";TRUE;1;1
"1205";2021-10-10;"PreĹˇovskĂ˝ kraj";FALSE;18;6
"1206";2021-10-10;"PreĹˇovskĂ˝ kraj";TRUE;6;0
"1207";2021-10-10;"KoĹˇickĂ˝ kraj";FALSE;10;4
"1208";2021-10-10;"KoĹˇickĂ˝ kraj";TRUE;3;3
"1209";2021-10-11;"BratislavskĂ˝ kraj";FALSE;9;6
"1210";2021-10-11;"BratislavskĂ˝ kraj";TRUE;2;1
"1211";2021-10-11;"TrnavskĂ˝ kraj";FALSE;5;6
"1212";2021-10-11;"TrnavskĂ˝ kraj";TRUE;1;2
"1213";2021-10-11;"TrenÄŤiansky kraj";FALSE;12;8
"1214";2021-10-11;"TrenÄŤiansky kraj";TRUE;5;2
"1215";2021-10-11;"Nitriansky kraj";FALSE;4;6
"1216";2021-10-11;"Ĺ˝ilinskĂ˝ kraj";FALSE;17;23
"1217";2021-10-11;"Ĺ˝ilinskĂ˝ kraj";TRUE;5;3
"1218";2021-10-11;"BanskobystrickĂ˝ kraj";FALSE;6;4
"1219";2021-10-11;"BanskobystrickĂ˝ kraj";TRUE;4;5
"1220";2021-10-11;"PreĹˇovskĂ˝ kraj";FALSE;16;11
"1221";2021-10-11;"PreĹˇovskĂ˝ kraj";TRUE;5;8
"1222";2021-10-11;"KoĹˇickĂ˝ kraj";FALSE;16;9
"1223";2021-10-11;"KoĹˇickĂ˝ kraj";TRUE;3;1
"1224";2021-10-11;"Nitriansky kraj";TRUE;0;1
"1225";2021-10-12;"BratislavskĂ˝ kraj";FALSE;6;4
"1226";2021-10-12;"BratislavskĂ˝ kraj";TRUE;1;1
"1227";2021-10-12;"TrnavskĂ˝ kraj";FALSE;5;5
"1228";2021-10-12;"TrnavskĂ˝ kraj";TRUE;3;1
"1229";2021-10-12;"TrenÄŤiansky kraj";FALSE;4;8
"1230";2021-10-12;"TrenÄŤiansky kraj";TRUE;2;2
"1231";2021-10-12;"Nitriansky kraj";FALSE;2;4
"1232";2021-10-12;"Ĺ˝ilinskĂ˝ kraj";FALSE;16;15
"1233";2021-10-12;"Ĺ˝ilinskĂ˝ kraj";TRUE;2;3
"1234";2021-10-12;"BanskobystrickĂ˝ kraj";FALSE;11;7
"1235";2021-10-12;"BanskobystrickĂ˝ kraj";TRUE;2;1
"1236";2021-10-12;"PreĹˇovskĂ˝ kraj";FALSE;34;23
"1237";2021-10-12;"PreĹˇovskĂ˝ kraj";TRUE;10;10
"1238";2021-10-12;"KoĹˇickĂ˝ kraj";FALSE;15;31
"1239";2021-10-12;"KoĹˇickĂ˝ kraj";TRUE;5;3
"1240";2021-10-12;"Nitriansky kraj";TRUE;0;3
"1241";2021-10-13;"BratislavskĂ˝ kraj";FALSE;5;11
"1242";2021-10-13;"BratislavskĂ˝ kraj";TRUE;3;4
"1243";2021-10-13;"TrnavskĂ˝ kraj";FALSE;8;6
"1244";2021-10-13;"TrnavskĂ˝ kraj";TRUE;1;1
"1245";2021-10-13;"TrenÄŤiansky kraj";FALSE;11;6
"1246";2021-10-13;"TrenÄŤiansky kraj";TRUE;1;4
"1247";2021-10-13;"Nitriansky kraj";FALSE;1;4
"1248";2021-10-13;"Ĺ˝ilinskĂ˝ kraj";FALSE;23;27
"1249";2021-10-13;"Ĺ˝ilinskĂ˝ kraj";TRUE;3;10
"1250";2021-10-13;"BanskobystrickĂ˝ kraj";FALSE;10;20
"1251";2021-10-13;"PreĹˇovskĂ˝ kraj";FALSE;15;23
"1252";2021-10-13;"PreĹˇovskĂ˝ kraj";TRUE;5;6
"1253";2021-10-13;"KoĹˇickĂ˝ kraj";FALSE;7;25
"1254";2021-10-13;"KoĹˇickĂ˝ kraj";TRUE;1;2
"1255";2021-10-13;"BanskobystrickĂ˝ kraj";TRUE;0;8
