"date";"Region";"newcases";"positive"
2021-02-11;"Banskobystrický kraj";592;48860
2021-02-10;"Banskobystrický kraj";628;48268
2021-02-09;"Banskobystrický kraj";654;47640
2021-02-08;"Banskobystrický kraj";692;46986
2021-02-07;"Banskobystrický kraj";207;46294
2021-02-06;"Banskobystrický kraj";713;46087
2021-02-05;"Banskobystrický kraj";640;45374
2021-02-04;"Banskobystrický kraj";653;44734
2021-02-03;"Banskobystrický kraj";593;44081
2021-02-02;"Banskobystrický kraj";596;43488
2021-02-01;"Banskobystrický kraj";454;42892
2021-01-31;"Banskobystrický kraj";253;42438
2021-01-30;"Banskobystrický kraj";542;42185
2021-01-29;"Banskobystrický kraj";367;41643
2021-01-28;"Banskobystrický kraj";560;41276
2021-01-27;"Banskobystrický kraj";388;40716
2021-01-26;"Banskobystrický kraj";526;40328
2021-01-25;"Banskobystrický kraj";451;39802
2021-01-24;"Banskobystrický kraj";277;39351
2021-01-23;"Banskobystrický kraj";645;39074
2021-01-22;"Banskobystrický kraj";516;38429
2021-01-21;"Banskobystrický kraj";545;37913
2021-01-20;"Banskobystrický kraj";417;37368
2021-01-19;"Banskobystrický kraj";534;36951
2021-01-18;"Banskobystrický kraj";371;36417
2021-01-17;"Banskobystrický kraj";187;36046
2021-01-16;"Banskobystrický kraj";114;35859
2021-01-15;"Banskobystrický kraj";367;35745
2021-01-14;"Banskobystrický kraj";540;35378
2021-01-13;"Banskobystrický kraj";426;34838
2021-01-12;"Banskobystrický kraj";481;34412
2021-01-11;"Banskobystrický kraj";487;33931
2021-01-10;"Banskobystrický kraj";114;33444
2021-01-09;"Banskobystrický kraj";404;33330
2021-01-08;"Banskobystrický kraj";818;32926
2021-01-07;"Banskobystrický kraj";387;32108
2021-01-06;"Banskobystrický kraj";515;31721
2021-01-05;"Banskobystrický kraj";852;31206
2021-01-04;"Banskobystrický kraj";701;30354
2021-01-03;"Banskobystrický kraj";212;29653
2021-01-02;"Banskobystrický kraj";206;29441
2021-01-01;"Banskobystrický kraj";355;29235
2020-12-31;"Banskobystrický kraj";1223;28880
2020-12-30;"Banskobystrický kraj";1129;27657
2020-12-29;"Banskobystrický kraj";978;26528
2020-12-28;"Banskobystrický kraj";805;25550
2020-12-27;"Banskobystrický kraj";141;24745
2020-12-26;"Banskobystrický kraj";93;24604
2020-12-25;"Banskobystrický kraj";71;24511
2020-12-24;"Banskobystrický kraj";587;24440
2020-12-23;"Banskobystrický kraj";838;23853
2020-12-22;"Banskobystrický kraj";931;23015
2020-12-21;"Banskobystrický kraj";734;22084
2020-12-20;"Banskobystrický kraj";169;21350
2020-12-19;"Banskobystrický kraj";735;21181
2020-12-18;"Banskobystrický kraj";846;20446
2020-12-17;"Banskobystrický kraj";1240;19600
2020-12-16;"Banskobystrický kraj";936;18360
2020-12-15;"Banskobystrický kraj";766;17424
2020-12-14;"Banskobystrický kraj";407;16658
2020-12-13;"Banskobystrický kraj";123;16251
2020-12-12;"Banskobystrický kraj";275;16128
2020-12-11;"Banskobystrický kraj";842;15853
2020-12-10;"Banskobystrický kraj";631;15011
2020-12-09;"Banskobystrický kraj";535;14380
2020-12-08;"Banskobystrický kraj";532;13845
2020-12-07;"Banskobystrický kraj";315;13313
2020-12-06;"Banskobystrický kraj";130;12998
2020-12-05;"Banskobystrický kraj";142;12868
2020-12-04;"Banskobystrický kraj";513;12726
2020-12-03;"Banskobystrický kraj";467;12213
2020-12-02;"Banskobystrický kraj";403;11746
2020-12-01;"Banskobystrický kraj";349;11343
2020-11-30;"Banskobystrický kraj";301;10994
2020-11-29;"Banskobystrický kraj";22;10693
2020-11-28;"Banskobystrický kraj";129;10671
2020-11-27;"Banskobystrický kraj";339;10542
2020-11-26;"Banskobystrický kraj";300;10203
2020-11-25;"Banskobystrický kraj";254;9903
2020-11-24;"Banskobystrický kraj";233;9649
2020-11-23;"Banskobystrický kraj";257;9416
2020-11-22;"Banskobystrický kraj";39;9159
2020-11-21;"Banskobystrický kraj";66;9120
2020-11-20;"Banskobystrický kraj";232;9054
2020-11-19;"Banskobystrický kraj";252;8822
2020-11-18;"Banskobystrický kraj";215;8570
2020-11-17;"Banskobystrický kraj";87;8355
2020-11-16;"Banskobystrický kraj";128;8268
2020-11-15;"Banskobystrický kraj";54;8140
2020-11-14;"Banskobystrický kraj";75;8086
2020-11-13;"Banskobystrický kraj";168;8011
2020-11-12;"Banskobystrický kraj";262;7843
2020-11-11;"Banskobystrický kraj";233;7581
2020-11-10;"Banskobystrický kraj";281;7348
2020-11-09;"Banskobystrický kraj";111;7067
2020-11-08;"Banskobystrický kraj";98;6956
2020-11-07;"Banskobystrický kraj";258;6858
2020-11-06;"Banskobystrický kraj";243;6600
2020-11-05;"Banskobystrický kraj";273;6357
2020-11-04;"Banskobystrický kraj";267;6084
2020-11-03;"Banskobystrický kraj";250;5817
2020-11-02;"Banskobystrický kraj";155;5567
2020-11-01;"Banskobystrický kraj";143;5412
2020-10-31;"Banskobystrický kraj";314;5269
2020-10-30;"Banskobystrický kraj";274;4955
2020-10-29;"Banskobystrický kraj";414;4681
2020-10-28;"Banskobystrický kraj";315;4267
2020-10-27;"Banskobystrický kraj";306;3952
2020-10-26;"Banskobystrický kraj";67;3646
2020-10-25;"Banskobystrický kraj";61;3579
2020-10-24;"Banskobystrický kraj";327;3518
2020-10-23;"Banskobystrický kraj";260;3191
2020-10-22;"Banskobystrický kraj";288;2931
2020-10-21;"Banskobystrický kraj";212;2643
2020-10-20;"Banskobystrický kraj";213;2431
2020-10-19;"Banskobystrický kraj";39;2218
2020-10-18;"Banskobystrický kraj";49;2179
2020-10-17;"Banskobystrický kraj";91;2130
2020-10-16;"Banskobystrický kraj";227;2039
2020-10-15;"Banskobystrický kraj";134;1812
2020-10-14;"Banskobystrický kraj";140;1678
2020-10-13;"Banskobystrický kraj";162;1538
2020-10-12;"Banskobystrický kraj";11;1376
2020-10-11;"Banskobystrický kraj";14;1365
2020-10-10;"Banskobystrický kraj";53;1351
2020-10-09;"Banskobystrický kraj";128;1298
2020-10-08;"Banskobystrický kraj";99;1170
2020-10-07;"Banskobystrický kraj";124;1071
2020-10-06;"Banskobystrický kraj";68;947
2020-10-05;"Banskobystrický kraj";49;879
2020-10-04;"Banskobystrický kraj";8;830
2020-10-03;"Banskobystrický kraj";37;822
2020-10-02;"Banskobystrický kraj";74;785
2020-10-01;"Banskobystrický kraj";49;711
2020-09-30;"Banskobystrický kraj";60;662
2020-09-29;"Banskobystrický kraj";24;602
2020-09-27;"Banskobystrický kraj";20;578
2020-09-26;"Banskobystrický kraj";24;558
2020-09-25;"Banskobystrický kraj";29;534
2020-09-24;"Banskobystrický kraj";25;505
2020-09-23;"Banskobystrický kraj";17;480
2020-09-22;"Banskobystrický kraj";25;463
2020-09-21;"Banskobystrický kraj";3;438
2020-09-19;"Banskobystrický kraj";3;435
2020-09-18;"Banskobystrický kraj";24;432
2020-09-17;"Banskobystrický kraj";14;408
2020-09-16;"Banskobystrický kraj";6;394
2020-09-15;"Banskobystrický kraj";2;388
2020-09-14;"Banskobystrický kraj";13;386
2020-09-13;"Banskobystrický kraj";1;373
2020-09-12;"Banskobystrický kraj";5;372
2020-09-11;"Banskobystrický kraj";19;367
2020-09-10;"Banskobystrický kraj";11;348
2020-09-09;"Banskobystrický kraj";13;337
2020-09-08;"Banskobystrický kraj";5;324
2020-09-07;"Banskobystrický kraj";2;319
2020-09-04;"Banskobystrický kraj";9;317
2020-09-03;"Banskobystrický kraj";5;308
2021-02-11;"Bratislavský kraj";535;59578
2021-02-10;"Bratislavský kraj";604;59043
2021-02-09;"Bratislavský kraj";654;58439
2021-02-08;"Bratislavský kraj";849;57785
2021-02-07;"Bratislavský kraj";615;56936
2021-02-06;"Bratislavský kraj";561;56321
2021-02-05;"Bratislavský kraj";642;55760
2021-02-04;"Bratislavský kraj";863;55118
2021-02-03;"Bratislavský kraj";445;54255
2021-02-02;"Bratislavský kraj";779;53810
2021-02-01;"Bratislavský kraj";694;53031
2021-01-31;"Bratislavský kraj";553;52337
2021-01-30;"Bratislavský kraj";686;51784
2021-01-29;"Bratislavský kraj";405;51098
2021-01-28;"Bratislavský kraj";596;50693
2021-01-27;"Bratislavský kraj";684;50097
2021-01-26;"Bratislavský kraj";591;49413
2021-01-25;"Bratislavský kraj";626;48822
2021-01-24;"Bratislavský kraj";507;48196
2021-01-23;"Bratislavský kraj";995;47689
2021-01-22;"Bratislavský kraj";540;46694
2021-01-21;"Bratislavský kraj";1547;46154
2021-01-20;"Bratislavský kraj";825;44607
2021-01-19;"Bratislavský kraj";697;43782
2021-01-18;"Bratislavský kraj";1057;43085
2021-01-17;"Bratislavský kraj";270;42028
2021-01-16;"Bratislavský kraj";218;41758
2021-01-15;"Bratislavský kraj";487;41540
2021-01-14;"Bratislavský kraj";636;41053
2021-01-13;"Bratislavský kraj";749;40417
2021-01-12;"Bratislavský kraj";913;39668
2021-01-11;"Bratislavský kraj";709;38755
2021-01-10;"Bratislavský kraj";331;38046
2021-01-09;"Bratislavský kraj";642;37715
2021-01-08;"Bratislavský kraj";997;37073
2021-01-07;"Bratislavský kraj";961;36076
2021-01-06;"Bratislavský kraj";481;35115
2021-01-05;"Bratislavský kraj";1473;34634
2021-01-04;"Bratislavský kraj";1227;33161
2021-01-03;"Bratislavský kraj";156;31934
2021-01-02;"Bratislavský kraj";203;31778
2021-01-01;"Bratislavský kraj";365;31575
2020-12-31;"Bratislavský kraj";1487;31210
2020-12-30;"Bratislavský kraj";1168;29723
2020-12-29;"Bratislavský kraj";1073;28555
2020-12-28;"Bratislavský kraj";814;27482
2020-12-27;"Bratislavský kraj";227;26668
2020-12-26;"Bratislavský kraj";98;26441
2020-12-25;"Bratislavský kraj";152;26343
2020-12-24;"Bratislavský kraj";658;26191
2020-12-23;"Bratislavský kraj";898;25533
2020-12-22;"Bratislavský kraj";1091;24635
2020-12-21;"Bratislavský kraj";2390;23544
2020-12-20;"Bratislavský kraj";232;21154
2020-12-19;"Bratislavský kraj";525;20922
2020-12-18;"Bratislavský kraj";726;20397
2020-12-17;"Bratislavský kraj";879;19671
2020-12-16;"Bratislavský kraj";710;18792
2020-12-15;"Bratislavský kraj";894;18082
2020-12-14;"Bratislavský kraj";574;17188
2020-12-13;"Bratislavský kraj";132;16614
2020-12-12;"Bratislavský kraj";518;16482
2020-12-11;"Bratislavský kraj";631;15964
2020-12-10;"Bratislavský kraj";505;15333
2020-12-09;"Bratislavský kraj";589;14828
2020-12-08;"Bratislavský kraj";431;14239
2020-12-07;"Bratislavský kraj";440;13808
2020-12-06;"Bratislavský kraj";113;13368
2020-12-05;"Bratislavský kraj";307;13255
2020-12-04;"Bratislavský kraj";304;12948
2020-12-03;"Bratislavský kraj";315;12644
2020-12-02;"Bratislavský kraj";339;12329
2020-12-01;"Bratislavský kraj";423;11990
2020-11-30;"Bratislavský kraj";255;11567
2020-11-29;"Bratislavský kraj";73;11312
2020-11-28;"Bratislavský kraj";253;11239
2020-11-27;"Bratislavský kraj";83;10986
2020-11-26;"Bratislavský kraj";154;10903
2020-11-25;"Bratislavský kraj";171;10749
2020-11-24;"Bratislavský kraj";148;10578
2020-11-23;"Bratislavský kraj";125;10430
2020-11-22;"Bratislavský kraj";43;10305
2020-11-21;"Bratislavský kraj";156;10262
2020-11-20;"Bratislavský kraj";166;10106
2020-11-19;"Bratislavský kraj";202;9940
2020-11-18;"Bratislavský kraj";193;9738
2020-11-17;"Bratislavský kraj";131;9545
2020-11-16;"Bratislavský kraj";91;9414
2020-11-15;"Bratislavský kraj";47;9323
2020-11-14;"Bratislavský kraj";68;9276
2020-11-13;"Bratislavský kraj";115;9208
2020-11-12;"Bratislavský kraj";147;9093
2020-11-11;"Bratislavský kraj";171;8946
2020-11-10;"Bratislavský kraj";150;8775
2020-11-09;"Bratislavský kraj";78;8625
2020-11-08;"Bratislavský kraj";88;8547
2020-11-07;"Bratislavský kraj";105;8459
2020-11-06;"Bratislavský kraj";306;8354
2020-11-05;"Bratislavský kraj";186;8048
2020-11-04;"Bratislavský kraj";75;7862
2020-11-03;"Bratislavský kraj";263;7787
2020-11-02;"Bratislavský kraj";224;7524
2020-11-01;"Bratislavský kraj";266;7300
2020-10-31;"Bratislavský kraj";296;7034
2020-10-30;"Bratislavský kraj";296;6738
2020-10-29;"Bratislavský kraj";266;6442
2020-10-28;"Bratislavský kraj";235;6176
2020-10-27;"Bratislavský kraj";260;5941
2020-10-26;"Bratislavský kraj";134;5681
2020-10-25;"Bratislavský kraj";154;5547
2020-10-24;"Bratislavský kraj";176;5393
2020-10-23;"Bratislavský kraj";159;5217
2020-10-22;"Bratislavský kraj";207;5058
2020-10-21;"Bratislavský kraj";72;4851
2020-10-20;"Bratislavský kraj";187;4779
2020-10-19;"Bratislavský kraj";151;4592
2020-10-18;"Bratislavský kraj";75;4441
2020-10-17;"Bratislavský kraj";136;4366
2020-10-16;"Bratislavský kraj";104;4230
2020-10-15;"Bratislavský kraj";136;4126
2020-10-14;"Bratislavský kraj";127;3990
2020-10-13;"Bratislavský kraj";94;3863
2020-10-12;"Bratislavský kraj";46;3769
2020-10-11;"Bratislavský kraj";80;3723
2020-10-10;"Bratislavský kraj";55;3643
2020-10-09;"Bratislavský kraj";148;3588
2020-10-08;"Bratislavský kraj";100;3440
2020-10-07;"Bratislavský kraj";107;3340
2020-10-06;"Bratislavský kraj";108;3233
2020-10-05;"Bratislavský kraj";30;3125
2020-10-04;"Bratislavský kraj";49;3095
2020-10-03;"Bratislavský kraj";82;3046
2020-10-02;"Bratislavský kraj";101;2964
2020-10-01;"Bratislavský kraj";72;2863
2020-09-30;"Bratislavský kraj";91;2791
2020-09-29;"Bratislavský kraj";74;2700
2020-09-28;"Bratislavský kraj";29;2626
2020-09-27;"Bratislavský kraj";48;2597
2020-09-26;"Bratislavský kraj";86;2549
2020-09-25;"Bratislavský kraj";97;2463
2020-09-24;"Bratislavský kraj";73;2366
2020-09-23;"Bratislavský kraj";55;2293
2020-09-22;"Bratislavský kraj";81;2238
2020-09-21;"Bratislavský kraj";32;2157
2020-09-20;"Bratislavský kraj";25;2125
2020-09-19;"Bratislavský kraj";59;2100
2020-09-18;"Bratislavský kraj";42;2041
2020-09-17;"Bratislavský kraj";52;1999
2020-09-16;"Bratislavský kraj";32;1947
2020-09-15;"Bratislavský kraj";26;1915
2020-09-14;"Bratislavský kraj";24;1889
2020-09-13;"Bratislavský kraj";11;1865
2020-09-12;"Bratislavský kraj";24;1854
2020-09-11;"Bratislavský kraj";50;1830
2020-09-10;"Bratislavský kraj";47;1780
2020-09-09;"Bratislavský kraj";40;1733
2020-09-08;"Bratislavský kraj";58;1693
2020-09-07;"Bratislavský kraj";39;1635
2020-09-06;"Bratislavský kraj";11;1596
2020-09-05;"Bratislavský kraj";37;1585
2020-09-04;"Bratislavský kraj";87;1548
2020-09-03;"Bratislavský kraj";51;1461
2021-02-11;"Košický kraj";706;58063
2021-02-10;"Košický kraj";790;57357
2021-02-09;"Košický kraj";1247;56567
2021-02-08;"Košický kraj";629;55320
2021-02-07;"Košický kraj";773;54691
2021-02-06;"Košický kraj";1110;53918
2021-02-05;"Košický kraj";866;52808
2021-02-04;"Košický kraj";750;51942
2021-02-03;"Košický kraj";1399;51192
2021-02-02;"Košický kraj";959;49793
2021-02-01;"Košický kraj";720;48834
2021-01-31;"Košický kraj";699;48114
2021-01-30;"Košický kraj";934;47415
2021-01-29;"Košický kraj";670;46481
2021-01-28;"Košický kraj";773;45811
2021-01-27;"Košický kraj";460;45038
2021-01-26;"Košický kraj";770;44578
2021-01-25;"Košický kraj";626;43808
2021-01-24;"Košický kraj";711;43182
2021-01-23;"Košický kraj";1033;42471
2021-01-22;"Košický kraj";557;41438
2021-01-21;"Košický kraj";432;40881
2021-01-20;"Košický kraj";568;40449
2021-01-19;"Košický kraj";425;39881
2021-01-18;"Košický kraj";1063;39456
2021-01-17;"Košický kraj";169;38393
2021-01-16;"Košický kraj";204;38224
2021-01-15;"Košický kraj";520;38020
2021-01-14;"Košický kraj";569;37500
2021-01-13;"Košický kraj";639;36931
2021-01-12;"Košický kraj";729;36292
2021-01-11;"Košický kraj";600;35563
2021-01-10;"Košický kraj";199;34963
2021-01-09;"Košický kraj";535;34764
2021-01-08;"Košický kraj";926;34229
2021-01-07;"Košický kraj";636;33303
2021-01-06;"Košický kraj";492;32667
2021-01-05;"Košický kraj";1105;32175
2021-01-04;"Košický kraj";1074;31070
2021-01-03;"Košický kraj";140;29996
2021-01-02;"Košický kraj";140;29856
2021-01-01;"Košický kraj";447;29716
2020-12-31;"Košický kraj";1068;29269
2020-12-30;"Košický kraj";992;28201
2020-12-29;"Košický kraj";1024;27209
2020-12-28;"Košický kraj";1160;26185
2020-12-27;"Košický kraj";175;25025
2020-12-26;"Košický kraj";186;24850
2020-12-25;"Košický kraj";247;24664
2020-12-24;"Košický kraj";654;24417
2020-12-23;"Košický kraj";658;23763
2020-12-22;"Košický kraj";897;23105
2020-12-21;"Košický kraj";914;22208
2020-12-20;"Košický kraj";223;21294
2020-12-19;"Košický kraj";266;21071
2020-12-18;"Košický kraj";636;20805
2020-12-17;"Košický kraj";718;20169
2020-12-16;"Košický kraj";1037;19451
2020-12-15;"Košický kraj";657;18414
2020-12-14;"Košický kraj";495;17757
2020-12-13;"Košický kraj";49;17262
2020-12-12;"Košický kraj";487;17213
2020-12-11;"Košický kraj";613;16726
2020-12-10;"Košický kraj";459;16113
2020-12-09;"Košický kraj";445;15654
2020-12-08;"Košický kraj";581;15209
2020-12-07;"Košický kraj";373;14628
2020-12-06;"Košický kraj";141;14255
2020-12-05;"Košický kraj";138;14114
2020-12-04;"Košický kraj";306;13976
2020-12-03;"Košický kraj";384;13670
2020-12-02;"Košický kraj";318;13286
2020-12-01;"Košický kraj";302;12968
2020-11-30;"Košický kraj";233;12666
2020-11-29;"Košický kraj";47;12433
2020-11-28;"Košický kraj";121;12386
2020-11-27;"Košický kraj";223;12265
2020-11-26;"Košický kraj";294;12042
2020-11-25;"Košický kraj";359;11748
2020-11-24;"Košický kraj";260;11389
2020-11-23;"Košický kraj";105;11129
2020-11-22;"Košický kraj";60;11024
2020-11-21;"Košický kraj";123;10964
2020-11-20;"Košický kraj";221;10841
2020-11-19;"Košický kraj";246;10620
2020-11-18;"Košický kraj";138;10374
2020-11-17;"Košický kraj";161;10236
2020-11-16;"Košický kraj";138;10075
2020-11-15;"Košický kraj";22;9937
2020-11-14;"Košický kraj";246;9915
2020-11-13;"Košický kraj";236;9669
2020-11-12;"Košický kraj";205;9433
2020-11-11;"Košický kraj";308;9228
2020-11-10;"Košický kraj";201;8920
2020-11-09;"Košický kraj";134;8719
2020-11-08;"Košický kraj";86;8585
2020-11-07;"Košický kraj";214;8499
2020-11-06;"Košický kraj";229;8285
2020-11-05;"Košický kraj";373;8056
2020-11-04;"Košický kraj";107;7683
2020-11-03;"Košický kraj";371;7576
2020-11-02;"Košický kraj";162;7205
2020-11-01;"Košický kraj";380;7043
2020-10-31;"Košický kraj";187;6663
2020-10-30;"Košický kraj";406;6476
2020-10-29;"Košický kraj";346;6070
2020-10-28;"Košický kraj";237;5724
2020-10-27;"Košický kraj";407;5487
2020-10-26;"Košický kraj";66;5080
2020-10-25;"Košický kraj";156;5014
2020-10-24;"Košický kraj";328;4858
2020-10-23;"Košický kraj";323;4530
2020-10-22;"Košický kraj";365;4207
2020-10-21;"Košický kraj";131;3842
2020-10-20;"Košický kraj";182;3711
2020-10-19;"Košický kraj";64;3529
2020-10-18;"Košický kraj";158;3465
2020-10-17;"Košický kraj";142;3307
2020-10-16;"Košický kraj";206;3165
2020-10-15;"Košický kraj";182;2959
2020-10-14;"Košický kraj";211;2777
2020-10-13;"Košický kraj";182;2566
2020-10-12;"Košický kraj";74;2384
2020-10-11;"Košický kraj";121;2310
2020-10-10;"Košický kraj";70;2189
2020-10-09;"Košický kraj";188;2119
2020-10-08;"Košický kraj";102;1931
2020-10-07;"Košický kraj";158;1829
2020-10-06;"Košický kraj";70;1671
2020-10-05;"Košický kraj";39;1601
2020-10-04;"Košický kraj";45;1562
2020-10-03;"Košický kraj";105;1517
2020-10-02;"Košický kraj";57;1412
2020-10-01;"Košický kraj";69;1355
2020-09-30;"Košický kraj";95;1286
2020-09-29;"Košický kraj";75;1191
2020-09-28;"Košický kraj";19;1116
2020-09-27;"Košický kraj";21;1097
2020-09-26;"Košický kraj";53;1076
2020-09-25;"Košický kraj";72;1023
2020-09-24;"Košický kraj";35;951
2020-09-23;"Košický kraj";23;916
2020-09-22;"Košický kraj";39;893
2020-09-21;"Košický kraj";5;854
2020-09-20;"Košický kraj";3;849
2020-09-19;"Košický kraj";13;846
2020-09-18;"Košický kraj";20;833
2020-09-17;"Košický kraj";22;813
2020-09-16;"Košický kraj";12;791
2020-09-15;"Košický kraj";10;779
2020-09-14;"Košický kraj";6;769
2020-09-13;"Košický kraj";3;763
2020-09-12;"Košický kraj";16;760
2020-09-11;"Košický kraj";20;744
2020-09-10;"Košický kraj";11;724
2020-09-09;"Košický kraj";37;713
2020-09-08;"Košický kraj";10;676
2020-09-07;"Košický kraj";4;666
2020-09-06;"Košický kraj";2;662
2020-09-05;"Košický kraj";10;660
2020-09-04;"Košický kraj";14;650
2020-09-03;"Košický kraj";22;636
2021-02-11;"Nitriansky kraj";400;70266
2021-02-10;"Nitriansky kraj";815;69866
2021-02-09;"Nitriansky kraj";649;69051
2021-02-08;"Nitriansky kraj";845;68402
2021-02-07;"Nitriansky kraj";462;67557
2021-02-06;"Nitriansky kraj";931;67095
2021-02-05;"Nitriansky kraj";906;66164
2021-02-04;"Nitriansky kraj";799;65258
2021-02-03;"Nitriansky kraj";521;64459
2021-02-02;"Nitriansky kraj";687;63938
2021-02-01;"Nitriansky kraj";665;63251
2021-01-31;"Nitriansky kraj";208;62586
2021-01-30;"Nitriansky kraj";835;62378
2021-01-29;"Nitriansky kraj";604;61543
2021-01-28;"Nitriansky kraj";637;60939
2021-01-27;"Nitriansky kraj";612;60302
2021-01-26;"Nitriansky kraj";798;59690
2021-01-25;"Nitriansky kraj";643;58892
2021-01-24;"Nitriansky kraj";595;58249
2021-01-23;"Nitriansky kraj";1766;57654
2021-01-22;"Nitriansky kraj";725;55888
2021-01-21;"Nitriansky kraj";711;55163
2021-01-20;"Nitriansky kraj";938;54452
2021-01-19;"Nitriansky kraj";967;53514
2021-01-18;"Nitriansky kraj";861;52547
2021-01-17;"Nitriansky kraj";372;51686
2021-01-16;"Nitriansky kraj";709;51314
2021-01-15;"Nitriansky kraj";852;50605
2021-01-14;"Nitriansky kraj";1067;49753
2021-01-13;"Nitriansky kraj";1160;48686
2021-01-12;"Nitriansky kraj";1216;47526
2021-01-11;"Nitriansky kraj";937;46310
2021-01-10;"Nitriansky kraj";747;45373
2021-01-09;"Nitriansky kraj";1622;44626
2021-01-08;"Nitriansky kraj";1536;43004
2021-01-07;"Nitriansky kraj";1222;41468
2021-01-06;"Nitriansky kraj";498;40246
2021-01-05;"Nitriansky kraj";1936;39748
2021-01-04;"Nitriansky kraj";1632;37812
2021-01-03;"Nitriansky kraj";62;36180
2021-01-02;"Nitriansky kraj";275;36118
2021-01-01;"Nitriansky kraj";213;35843
2020-12-31;"Nitriansky kraj";1479;35630
2020-12-30;"Nitriansky kraj";2192;34151
2020-12-29;"Nitriansky kraj";1852;31959
2020-12-28;"Nitriansky kraj";1354;30107
2020-12-27;"Nitriansky kraj";24;28753
2020-12-26;"Nitriansky kraj";110;28729
2020-12-25;"Nitriansky kraj";40;28619
2020-12-24;"Nitriansky kraj";690;28579
2020-12-23;"Nitriansky kraj";1192;27889
2020-12-22;"Nitriansky kraj";1667;26697
2020-12-21;"Nitriansky kraj";1104;25030
2020-12-20;"Nitriansky kraj";87;23926
2020-12-19;"Nitriansky kraj";431;23839
2020-12-18;"Nitriansky kraj";1053;23408
2020-12-17;"Nitriansky kraj";1100;22355
2020-12-16;"Nitriansky kraj";870;21255
2020-12-15;"Nitriansky kraj";1230;20385
2020-12-14;"Nitriansky kraj";1044;19155
2020-12-13;"Nitriansky kraj";13;18111
2020-12-12;"Nitriansky kraj";466;18098
2020-12-11;"Nitriansky kraj";863;17632
2020-12-10;"Nitriansky kraj";686;16769
2020-12-09;"Nitriansky kraj";904;16083
2020-12-08;"Nitriansky kraj";951;15179
2020-12-07;"Nitriansky kraj";712;14228
2020-12-06;"Nitriansky kraj";19;13516
2020-12-05;"Nitriansky kraj";150;13497
2020-12-04;"Nitriansky kraj";318;13347
2020-12-03;"Nitriansky kraj";375;13029
2020-12-02;"Nitriansky kraj";415;12654
2020-12-01;"Nitriansky kraj";465;12239
2020-11-30;"Nitriansky kraj";234;11774
2020-11-29;"Nitriansky kraj";45;11540
2020-11-28;"Nitriansky kraj";166;11495
2020-11-27;"Nitriansky kraj";220;11329
2020-11-26;"Nitriansky kraj";248;11109
2020-11-25;"Nitriansky kraj";391;10861
2020-11-24;"Nitriansky kraj";197;10470
2020-11-23;"Nitriansky kraj";308;10273
2020-11-22;"Nitriansky kraj";7;9965
2020-11-21;"Nitriansky kraj";124;9958
2020-11-20;"Nitriansky kraj";365;9834
2020-11-19;"Nitriansky kraj";318;9469
2020-11-18;"Nitriansky kraj";265;9151
2020-11-17;"Nitriansky kraj";207;8886
2020-11-16;"Nitriansky kraj";214;8679
2020-11-15;"Nitriansky kraj";15;8465
2020-11-14;"Nitriansky kraj";146;8450
2020-11-13;"Nitriansky kraj";256;8304
2020-11-12;"Nitriansky kraj";291;8048
2020-11-11;"Nitriansky kraj";301;7757
2020-11-10;"Nitriansky kraj";231;7456
2020-11-09;"Nitriansky kraj";171;7225
2020-11-08;"Nitriansky kraj";75;7054
2020-11-07;"Nitriansky kraj";134;6979
2020-11-06;"Nitriansky kraj";242;6845
2020-11-05;"Nitriansky kraj";192;6603
2020-11-04;"Nitriansky kraj";227;6411
2020-11-03;"Nitriansky kraj";241;6184
2020-11-02;"Nitriansky kraj";217;5943
2020-11-01;"Nitriansky kraj";157;5726
2020-10-31;"Nitriansky kraj";395;5569
2020-10-30;"Nitriansky kraj";225;5174
2020-10-29;"Nitriansky kraj";332;4949
2020-10-28;"Nitriansky kraj";275;4617
2020-10-27;"Nitriansky kraj";343;4342
2020-10-26;"Nitriansky kraj";125;3999
2020-10-25;"Nitriansky kraj";56;3874
2020-10-24;"Nitriansky kraj";180;3818
2020-10-23;"Nitriansky kraj";323;3638
2020-10-22;"Nitriansky kraj";176;3315
2020-10-21;"Nitriansky kraj";149;3139
2020-10-20;"Nitriansky kraj";203;2990
2020-10-19;"Nitriansky kraj";149;2787
2020-10-18;"Nitriansky kraj";22;2638
2020-10-17;"Nitriansky kraj";67;2616
2020-10-16;"Nitriansky kraj";136;2549
2020-10-15;"Nitriansky kraj";108;2413
2020-10-14;"Nitriansky kraj";84;2305
2020-10-13;"Nitriansky kraj";103;2221
2020-10-12;"Nitriansky kraj";36;2118
2020-10-11;"Nitriansky kraj";8;2082
2020-10-10;"Nitriansky kraj";107;2074
2020-10-09;"Nitriansky kraj";120;1967
2020-10-08;"Nitriansky kraj";132;1847
2020-10-07;"Nitriansky kraj";81;1715
2020-10-06;"Nitriansky kraj";48;1634
2020-10-05;"Nitriansky kraj";20;1586
2020-10-04;"Nitriansky kraj";17;1566
2020-10-03;"Nitriansky kraj";96;1549
2020-10-02;"Nitriansky kraj";108;1453
2020-10-01;"Nitriansky kraj";95;1345
2020-09-30;"Nitriansky kraj";100;1250
2020-09-29;"Nitriansky kraj";50;1150
2020-09-28;"Nitriansky kraj";22;1100
2020-09-27;"Nitriansky kraj";16;1078
2020-09-26;"Nitriansky kraj";64;1062
2020-09-25;"Nitriansky kraj";90;998
2020-09-24;"Nitriansky kraj";51;908
2020-09-23;"Nitriansky kraj";70;857
2020-09-22;"Nitriansky kraj";18;787
2020-09-21;"Nitriansky kraj";10;769
2020-09-20;"Nitriansky kraj";4;759
2020-09-19;"Nitriansky kraj";14;755
2020-09-18;"Nitriansky kraj";19;741
2020-09-17;"Nitriansky kraj";30;722
2020-09-16;"Nitriansky kraj";6;692
2020-09-15;"Nitriansky kraj";19;686
2020-09-14;"Nitriansky kraj";28;667
2020-09-13;"Nitriansky kraj";3;639
2020-09-12;"Nitriansky kraj";12;636
2020-09-11;"Nitriansky kraj";23;624
2020-09-10;"Nitriansky kraj";29;601
2020-09-09;"Nitriansky kraj";19;572
2020-09-08;"Nitriansky kraj";17;553
2020-09-07;"Nitriansky kraj";17;536
2020-09-05;"Nitriansky kraj";22;519
2020-09-04;"Nitriansky kraj";34;497
2020-09-03;"Nitriansky kraj";15;463
2021-02-11;"Prešovský kraj";399;70062
2021-02-10;"Prešovský kraj";477;69663
2021-02-09;"Prešovský kraj";643;69186
2021-02-08;"Prešovský kraj";395;68543
2021-02-07;"Prešovský kraj";171;68148
2021-02-06;"Prešovský kraj";523;67977
2021-02-05;"Prešovský kraj";415;67454
2021-02-04;"Prešovský kraj";394;67039
2021-02-03;"Prešovský kraj";451;66645
2021-02-02;"Prešovský kraj";523;66194
2021-02-01;"Prešovský kraj";491;65671
2021-01-31;"Prešovský kraj";80;65180
2021-01-30;"Prešovský kraj";354;65100
2021-01-29;"Prešovský kraj";354;64746
2021-01-28;"Prešovský kraj";448;64392
2021-01-27;"Prešovský kraj";287;63944
2021-01-26;"Prešovský kraj";393;63657
2021-01-25;"Prešovský kraj";432;63264
2021-01-24;"Prešovský kraj";398;62832
2021-01-23;"Prešovský kraj";620;62434
2021-01-22;"Prešovský kraj";433;61814
2021-01-21;"Prešovský kraj";382;61381
2021-01-20;"Prešovský kraj";422;60999
2021-01-19;"Prešovský kraj";571;60577
2021-01-18;"Prešovský kraj";512;60006
2021-01-17;"Prešovský kraj";1115;59494
2021-01-16;"Prešovský kraj";148;58379
2021-01-15;"Prešovský kraj";368;58231
2021-01-14;"Prešovský kraj";506;57863
2021-01-13;"Prešovský kraj";550;57357
2021-01-12;"Prešovský kraj";825;56807
2021-01-11;"Prešovský kraj";778;55982
2021-01-10;"Prešovský kraj";86;55204
2021-01-09;"Prešovský kraj";564;55118
2021-01-08;"Prešovský kraj";947;54554
2021-01-07;"Prešovský kraj";889;53607
2021-01-06;"Prešovský kraj";416;52718
2021-01-05;"Prešovský kraj";1602;52302
2021-01-04;"Prešovský kraj";2059;50700
2021-01-03;"Prešovský kraj";126;48641
2021-01-02;"Prešovský kraj";225;48515
2021-01-01;"Prešovský kraj";244;48290
2020-12-31;"Prešovský kraj";1335;48046
2020-12-30;"Prešovský kraj";1444;46711
2020-12-29;"Prešovský kraj";1298;45267
2020-12-28;"Prešovský kraj";1413;43969
2020-12-27;"Prešovský kraj";79;42556
2020-12-26;"Prešovský kraj";76;42477
2020-12-25;"Prešovský kraj";221;42401
2020-12-24;"Prešovský kraj";537;42180
2020-12-23;"Prešovský kraj";1142;41643
2020-12-22;"Prešovský kraj";1105;40501
2020-12-21;"Prešovský kraj";1252;39396
2020-12-20;"Prešovský kraj";204;38144
2020-12-19;"Prešovský kraj";427;37940
2020-12-18;"Prešovský kraj";995;37513
2020-12-17;"Prešovský kraj";1318;36518
2020-12-16;"Prešovský kraj";974;35200
2020-12-15;"Prešovský kraj";995;34226
2020-12-14;"Prešovský kraj";842;33231
2020-12-13;"Prešovský kraj";97;32389
2020-12-12;"Prešovský kraj";485;32292
2020-12-11;"Prešovský kraj";978;31807
2020-12-10;"Prešovský kraj";777;30829
2020-12-09;"Prešovský kraj";628;30052
2020-12-08;"Prešovský kraj";997;29424
2020-12-07;"Prešovský kraj";646;28427
2020-12-06;"Prešovský kraj";85;27781
2020-12-05;"Prešovský kraj";305;27696
2020-12-04;"Prešovský kraj";633;27391
2020-12-03;"Prešovský kraj";486;26758
2020-12-02;"Prešovský kraj";467;26272
2020-12-01;"Prešovský kraj";494;25805
2020-11-30;"Prešovský kraj";306;25311
2020-11-29;"Prešovský kraj";69;25005
2020-11-28;"Prešovský kraj";261;24936
2020-11-27;"Prešovský kraj";351;24675
2020-11-26;"Prešovský kraj";575;24324
2020-11-25;"Prešovský kraj";380;23749
2020-11-24;"Prešovský kraj";505;23369
2020-11-23;"Prešovský kraj";206;22864
2020-11-22;"Prešovský kraj";47;22658
2020-11-21;"Prešovský kraj";262;22611
2020-11-20;"Prešovský kraj";461;22349
2020-11-19;"Prešovský kraj";588;21888
2020-11-18;"Prešovský kraj";302;21300
2020-11-17;"Prešovský kraj";364;20998
2020-11-16;"Prešovský kraj";277;20634
2020-11-15;"Prešovský kraj";190;20357
2020-11-14;"Prešovský kraj";265;20167
2020-11-13;"Prešovský kraj";403;19902
2020-11-12;"Prešovský kraj";447;19499
2020-11-11;"Prešovský kraj";531;19052
2020-11-10;"Prešovský kraj";446;18521
2020-11-09;"Prešovský kraj";1135;18075
2020-11-08;"Prešovský kraj";129;16940
2020-11-07;"Prešovský kraj";497;16811
2020-11-06;"Prešovský kraj";596;16314
2020-11-05;"Prešovský kraj";402;15718
2020-11-04;"Prešovský kraj";358;15316
2020-11-03;"Prešovský kraj";577;14958
2020-11-02;"Prešovský kraj";1207;14381
2020-11-01;"Prešovský kraj";439;13174
2020-10-31;"Prešovský kraj";485;12735
2020-10-30;"Prešovský kraj";617;12250
2020-10-29;"Prešovský kraj";632;11633
2020-10-28;"Prešovský kraj";663;11001
2020-10-27;"Prešovský kraj";690;10338
2020-10-26;"Prešovský kraj";194;9648
2020-10-25;"Prešovský kraj";248;9454
2020-10-24;"Prešovský kraj";731;9206
2020-10-23;"Prešovský kraj";758;8475
2020-10-22;"Prešovský kraj";676;7717
2020-10-21;"Prešovský kraj";391;7041
2020-10-20;"Prešovský kraj";500;6650
2020-10-19;"Prešovský kraj";155;6150
2020-10-18;"Prešovský kraj";209;5995
2020-10-17;"Prešovský kraj";342;5786
2020-10-16;"Prešovský kraj";391;5444
2020-10-15;"Prešovský kraj";453;5053
2020-10-14;"Prešovský kraj";461;4600
2020-10-13;"Prešovský kraj";270;4139
2020-10-12;"Prešovský kraj";249;3869
2020-10-11;"Prešovský kraj";127;3620
2020-10-10;"Prešovský kraj";248;3493
2020-10-09;"Prešovský kraj";406;3245
2020-10-08;"Prešovský kraj";245;2839
2020-10-07;"Prešovský kraj";244;2594
2020-10-06;"Prešovský kraj";166;2350
2020-10-05;"Prešovský kraj";84;2184
2020-10-04;"Prešovský kraj";118;2100
2020-10-03;"Prešovský kraj";204;1982
2020-10-02;"Prešovský kraj";149;1778
2020-10-01;"Prešovský kraj";136;1629
2020-09-30;"Prešovský kraj";121;1493
2020-09-29;"Prešovský kraj";156;1372
2020-09-28;"Prešovský kraj";51;1216
2020-09-27;"Prešovský kraj";10;1165
2020-09-26;"Prešovský kraj";72;1155
2020-09-25;"Prešovský kraj";91;1083
2020-09-24;"Prešovský kraj";52;992
2020-09-23;"Prešovský kraj";55;940
2020-09-22;"Prešovský kraj";29;885
2020-09-21;"Prešovský kraj";14;856
2020-09-20;"Prešovský kraj";5;842
2020-09-19;"Prešovský kraj";12;837
2020-09-18;"Prešovský kraj";29;825
2020-09-17;"Prešovský kraj";25;796
2020-09-16;"Prešovský kraj";8;771
2020-09-15;"Prešovský kraj";10;763
2020-09-14;"Prešovský kraj";47;753
2020-09-13;"Prešovský kraj";3;706
2020-09-12;"Prešovský kraj";4;703
2020-09-11;"Prešovský kraj";15;699
2020-09-10;"Prešovský kraj";10;684
2020-09-09;"Prešovský kraj";21;674
2020-09-08;"Prešovský kraj";23;653
2020-09-07;"Prešovský kraj";5;630
2020-09-06;"Prešovský kraj";3;625
2020-09-05;"Prešovský kraj";7;622
2020-09-04;"Prešovský kraj";24;615
2020-09-03;"Prešovský kraj";8;591
2021-02-11;"Trenčiansky kraj";573;63679
2021-02-10;"Trenčiansky kraj";602;63106
2021-02-09;"Trenčiansky kraj";891;62504
2021-02-08;"Trenčiansky kraj";596;61613
2021-02-07;"Trenčiansky kraj";290;61017
2021-02-06;"Trenčiansky kraj";796;60727
2021-02-05;"Trenčiansky kraj";566;59931
2021-02-04;"Trenčiansky kraj";559;59365
2021-02-03;"Trenčiansky kraj";507;58806
2021-02-02;"Trenčiansky kraj";726;58299
2021-02-01;"Trenčiansky kraj";485;57573
2021-01-31;"Trenčiansky kraj";142;57088
2021-01-30;"Trenčiansky kraj";583;56946
2021-01-29;"Trenčiansky kraj";279;56363
2021-01-28;"Trenčiansky kraj";468;56084
2021-01-27;"Trenčiansky kraj";369;55616
2021-01-26;"Trenčiansky kraj";540;55247
2021-01-25;"Trenčiansky kraj";526;54707
2021-01-24;"Trenčiansky kraj";232;54181
2021-01-23;"Trenčiansky kraj";915;53949
2021-01-22;"Trenčiansky kraj";322;53034
2021-01-21;"Trenčiansky kraj";330;52712
2021-01-20;"Trenčiansky kraj";417;52382
2021-01-19;"Trenčiansky kraj";638;51965
2021-01-18;"Trenčiansky kraj";329;51327
2021-01-17;"Trenčiansky kraj";135;50998
2021-01-16;"Trenčiansky kraj";101;50863
2021-01-15;"Trenčiansky kraj";481;50762
2021-01-14;"Trenčiansky kraj";428;50281
2021-01-13;"Trenčiansky kraj";458;49853
2021-01-12;"Trenčiansky kraj";801;49395
2021-01-11;"Trenčiansky kraj";436;48594
2021-01-10;"Trenčiansky kraj";165;48158
2021-01-09;"Trenčiansky kraj";397;47993
2021-01-08;"Trenčiansky kraj";956;47596
2021-01-07;"Trenčiansky kraj";923;46640
2021-01-06;"Trenčiansky kraj";285;45717
2021-01-05;"Trenčiansky kraj";1469;45432
2021-01-04;"Trenčiansky kraj";1041;43963
2021-01-03;"Trenčiansky kraj";51;42922
2021-01-02;"Trenčiansky kraj";152;42871
2021-01-01;"Trenčiansky kraj";352;42719
2020-12-31;"Trenčiansky kraj";1154;42367
2020-12-30;"Trenčiansky kraj";1598;41213
2020-12-29;"Trenčiansky kraj";1477;39615
2020-12-28;"Trenčiansky kraj";1035;38138
2020-12-27;"Trenčiansky kraj";41;37103
2020-12-26;"Trenčiansky kraj";184;37062
2020-12-25;"Trenčiansky kraj";298;36878
2020-12-24;"Trenčiansky kraj";808;36580
2020-12-23;"Trenčiansky kraj";1051;35772
2020-12-22;"Trenčiansky kraj";1367;34721
2020-12-21;"Trenčiansky kraj";1246;33354
2020-12-20;"Trenčiansky kraj";529;32108
2020-12-19;"Trenčiansky kraj";491;31579
2020-12-18;"Trenčiansky kraj";1064;31088
2020-12-17;"Trenčiansky kraj";1173;30024
2020-12-16;"Trenčiansky kraj";1083;28851
2020-12-15;"Trenčiansky kraj";1224;27768
2020-12-14;"Trenčiansky kraj";916;26544
2020-12-13;"Trenčiansky kraj";81;25628
2020-12-12;"Trenčiansky kraj";432;25547
2020-12-11;"Trenčiansky kraj";1206;25115
2020-12-10;"Trenčiansky kraj";748;23909
2020-12-09;"Trenčiansky kraj";978;23161
2020-12-08;"Trenčiansky kraj";1068;22183
2020-12-07;"Trenčiansky kraj";724;21115
2020-12-06;"Trenčiansky kraj";124;20391
2020-12-05;"Trenčiansky kraj";287;20267
2020-12-04;"Trenčiansky kraj";468;19980
2020-12-03;"Trenčiansky kraj";681;19512
2020-12-02;"Trenčiansky kraj";650;18831
2020-12-01;"Trenčiansky kraj";672;18181
2020-11-30;"Trenčiansky kraj";656;17509
2020-11-29;"Trenčiansky kraj";31;16853
2020-11-28;"Trenčiansky kraj";295;16822
2020-11-27;"Trenčiansky kraj";480;16527
2020-11-26;"Trenčiansky kraj";517;16047
2020-11-25;"Trenčiansky kraj";482;15530
2020-11-24;"Trenčiansky kraj";656;15048
2020-11-23;"Trenčiansky kraj";281;14392
2020-11-22;"Trenčiansky kraj";27;14111
2020-11-21;"Trenčiansky kraj";317;14084
2020-11-20;"Trenčiansky kraj";409;13767
2020-11-19;"Trenčiansky kraj";429;13358
2020-11-18;"Trenčiansky kraj";299;12929
2020-11-17;"Trenčiansky kraj";237;12630
2020-11-16;"Trenčiansky kraj";290;12393
2020-11-15;"Trenčiansky kraj";115;12103
2020-11-14;"Trenčiansky kraj";201;11988
2020-11-13;"Trenčiansky kraj";321;11787
2020-11-12;"Trenčiansky kraj";329;11466
2020-11-11;"Trenčiansky kraj";376;11137
2020-11-10;"Trenčiansky kraj";283;10761
2020-11-09;"Trenčiansky kraj";163;10478
2020-11-08;"Trenčiansky kraj";89;10315
2020-11-07;"Trenčiansky kraj";378;10226
2020-11-06;"Trenčiansky kraj";467;9848
2020-11-05;"Trenčiansky kraj";414;9381
2020-11-04;"Trenčiansky kraj";379;8967
2020-11-03;"Trenčiansky kraj";583;8588
2020-11-02;"Trenčiansky kraj";265;8005
2020-11-01;"Trenčiansky kraj";280;7740
2020-10-31;"Trenčiansky kraj";414;7460
2020-10-30;"Trenčiansky kraj";401;7046
2020-10-29;"Trenčiansky kraj";564;6645
2020-10-28;"Trenčiansky kraj";302;6081
2020-10-27;"Trenčiansky kraj";500;5779
2020-10-26;"Trenčiansky kraj";208;5279
2020-10-25;"Trenčiansky kraj";143;5071
2020-10-24;"Trenčiansky kraj";401;4928
2020-10-23;"Trenčiansky kraj";309;4527
2020-10-22;"Trenčiansky kraj";285;4218
2020-10-21;"Trenčiansky kraj";192;3933
2020-10-20;"Trenčiansky kraj";218;3741
2020-10-19;"Trenčiansky kraj";66;3523
2020-10-18;"Trenčiansky kraj";104;3457
2020-10-17;"Trenčiansky kraj";157;3353
2020-10-16;"Trenčiansky kraj";231;3196
2020-10-15;"Trenčiansky kraj";259;2965
2020-10-14;"Trenčiansky kraj";169;2706
2020-10-13;"Trenčiansky kraj";136;2537
2020-10-12;"Trenčiansky kraj";55;2401
2020-10-11;"Trenčiansky kraj";73;2346
2020-10-10;"Trenčiansky kraj";180;2273
2020-10-09;"Trenčiansky kraj";198;2093
2020-10-08;"Trenčiansky kraj";115;1895
2020-10-07;"Trenčiansky kraj";75;1780
2020-10-06;"Trenčiansky kraj";72;1705
2020-10-05;"Trenčiansky kraj";32;1633
2020-10-04;"Trenčiansky kraj";37;1601
2020-10-03;"Trenčiansky kraj";79;1564
2020-10-02;"Trenčiansky kraj";69;1485
2020-10-01;"Trenčiansky kraj";58;1416
2020-09-30;"Trenčiansky kraj";76;1358
2020-09-29;"Trenčiansky kraj";43;1282
2020-09-28;"Trenčiansky kraj";7;1239
2020-09-27;"Trenčiansky kraj";12;1232
2020-09-26;"Trenčiansky kraj";37;1220
2020-09-25;"Trenčiansky kraj";72;1183
2020-09-24;"Trenčiansky kraj";41;1111
2020-09-23;"Trenčiansky kraj";32;1070
2020-09-22;"Trenčiansky kraj";26;1038
2020-09-21;"Trenčiansky kraj";23;1012
2020-09-20;"Trenčiansky kraj";21;989
2020-09-19;"Trenčiansky kraj";20;968
2020-09-18;"Trenčiansky kraj";41;948
2020-09-17;"Trenčiansky kraj";20;907
2020-09-16;"Trenčiansky kraj";14;887
2020-09-15;"Trenčiansky kraj";8;873
2020-09-14;"Trenčiansky kraj";5;865
2020-09-13;"Trenčiansky kraj";12;860
2020-09-12;"Trenčiansky kraj";2;848
2020-09-11;"Trenčiansky kraj";27;846
2020-09-10;"Trenčiansky kraj";15;819
2020-09-09;"Trenčiansky kraj";11;804
2020-09-08;"Trenčiansky kraj";12;793
2020-09-07;"Trenčiansky kraj";6;781
2020-09-06;"Trenčiansky kraj";1;775
2020-09-05;"Trenčiansky kraj";3;774
2020-09-04;"Trenčiansky kraj";9;771
2020-09-03;"Trenčiansky kraj";10;762
2021-02-11;"Trnavský kraj";701;61671
2021-02-10;"Trnavský kraj";809;60970
2021-02-09;"Trnavský kraj";907;60161
2021-02-08;"Trnavský kraj";705;59254
2021-02-07;"Trnavský kraj";767;58549
2021-02-06;"Trnavský kraj";1821;57782
2021-02-05;"Trnavský kraj";731;55961
2021-02-04;"Trnavský kraj";1007;55230
2021-02-03;"Trnavský kraj";863;54223
2021-02-02;"Trnavský kraj";860;53360
2021-02-01;"Trnavský kraj";908;52500
2021-01-31;"Trnavský kraj";797;51592
2021-01-30;"Trnavský kraj";1591;50795
2021-01-29;"Trnavský kraj";480;49204
2021-01-28;"Trnavský kraj";675;48724
2021-01-27;"Trnavský kraj";652;48049
2021-01-26;"Trnavský kraj";1215;47397
2021-01-25;"Trnavský kraj";842;46182
2021-01-24;"Trnavský kraj";794;45340
2021-01-23;"Trnavský kraj";1708;44546
2021-01-22;"Trnavský kraj";717;42838
2021-01-21;"Trnavský kraj";689;42121
2021-01-20;"Trnavský kraj";777;41432
2021-01-19;"Trnavský kraj";762;40655
2021-01-18;"Trnavský kraj";731;39893
2021-01-17;"Trnavský kraj";343;39162
2021-01-16;"Trnavský kraj";122;38819
2021-01-15;"Trnavský kraj";614;38697
2021-01-14;"Trnavský kraj";789;38083
2021-01-13;"Trnavský kraj";835;37294
2021-01-12;"Trnavský kraj";952;36459
2021-01-11;"Trnavský kraj";746;35507
2021-01-10;"Trnavský kraj";71;34761
2021-01-09;"Trnavský kraj";517;34690
2021-01-08;"Trnavský kraj";883;34173
2021-01-07;"Trnavský kraj";898;33290
2021-01-06;"Trnavský kraj";311;32392
2021-01-05;"Trnavský kraj";1316;32081
2021-01-04;"Trnavský kraj";991;30765
2021-01-03;"Trnavský kraj";67;29774
2021-01-02;"Trnavský kraj";312;29707
2021-01-01;"Trnavský kraj";219;29395
2020-12-31;"Trnavský kraj";1354;29176
2020-12-30;"Trnavský kraj";1395;27822
2020-12-29;"Trnavský kraj";915;26427
2020-12-28;"Trnavský kraj";828;25512
2020-12-27;"Trnavský kraj";31;24684
2020-12-26;"Trnavský kraj";149;24653
2020-12-25;"Trnavský kraj";70;24504
2020-12-24;"Trnavský kraj";450;24434
2020-12-23;"Trnavský kraj";585;23984
2020-12-22;"Trnavský kraj";802;23399
2020-12-21;"Trnavský kraj";727;22597
2020-12-20;"Trnavský kraj";146;21870
2020-12-19;"Trnavský kraj";287;21724
2020-12-18;"Trnavský kraj";719;21437
2020-12-17;"Trnavský kraj";782;20718
2020-12-16;"Trnavský kraj";717;19936
2020-12-15;"Trnavský kraj";1124;19219
2020-12-14;"Trnavský kraj";453;18095
2020-12-13;"Trnavský kraj";7;17642
2020-12-12;"Trnavský kraj";368;17635
2020-12-11;"Trnavský kraj";646;17267
2020-12-10;"Trnavský kraj";503;16621
2020-12-09;"Trnavský kraj";841;16118
2020-12-08;"Trnavský kraj";585;15277
2020-12-07;"Trnavský kraj";377;14692
2020-12-06;"Trnavský kraj";46;14315
2020-12-05;"Trnavský kraj";170;14269
2020-12-04;"Trnavský kraj";400;14099
2020-12-03;"Trnavský kraj";438;13699
2020-12-02;"Trnavský kraj";460;13261
2020-12-01;"Trnavský kraj";458;12801
2020-11-30;"Trnavský kraj";386;12343
2020-11-29;"Trnavský kraj";51;11957
2020-11-28;"Trnavský kraj";160;11906
2020-11-27;"Trnavský kraj";231;11746
2020-11-26;"Trnavský kraj";293;11515
2020-11-25;"Trnavský kraj";304;11222
2020-11-24;"Trnavský kraj";386;10918
2020-11-23;"Trnavský kraj";367;10532
2020-11-22;"Trnavský kraj";13;10165
2020-11-21;"Trnavský kraj";152;10152
2020-11-20;"Trnavský kraj";307;10000
2020-11-19;"Trnavský kraj";215;9693
2020-11-18;"Trnavský kraj";310;9478
2020-11-17;"Trnavský kraj";201;9168
2020-11-16;"Trnavský kraj";219;8967
2020-11-15;"Trnavský kraj";27;8748
2020-11-14;"Trnavský kraj";96;8721
2020-11-13;"Trnavský kraj";240;8625
2020-11-12;"Trnavský kraj";180;8385
2020-11-11;"Trnavský kraj";272;8205
2020-11-10;"Trnavský kraj";219;7933
2020-11-09;"Trnavský kraj";219;7714
2020-11-08;"Trnavský kraj";59;7495
2020-11-07;"Trnavský kraj";281;7436
2020-11-06;"Trnavský kraj";279;7155
2020-11-05;"Trnavský kraj";177;6876
2020-11-04;"Trnavský kraj";198;6699
2020-11-03;"Trnavský kraj";325;6501
2020-11-02;"Trnavský kraj";312;6176
2020-11-01;"Trnavský kraj";114;5864
2020-10-31;"Trnavský kraj";300;5750
2020-10-30;"Trnavský kraj";225;5450
2020-10-29;"Trnavský kraj";289;5225
2020-10-28;"Trnavský kraj";335;4936
2020-10-27;"Trnavský kraj";235;4601
2020-10-26;"Trnavský kraj";155;4366
2020-10-25;"Trnavský kraj";96;4211
2020-10-24;"Trnavský kraj";160;4115
2020-10-23;"Trnavský kraj";205;3955
2020-10-22;"Trnavský kraj";197;3750
2020-10-21;"Trnavský kraj";137;3553
2020-10-20;"Trnavský kraj";205;3416
2020-10-19;"Trnavský kraj";67;3211
2020-10-18;"Trnavský kraj";84;3144
2020-10-17;"Trnavský kraj";123;3060
2020-10-16;"Trnavský kraj";88;2937
2020-10-15;"Trnavský kraj";157;2849
2020-10-14;"Trnavský kraj";239;2692
2020-10-13;"Trnavský kraj";140;2453
2020-10-12;"Trnavský kraj";34;2313
2020-10-11;"Trnavský kraj";31;2279
2020-10-10;"Trnavský kraj";128;2248
2020-10-09;"Trnavský kraj";156;2120
2020-10-08;"Trnavský kraj";153;1964
2020-10-07;"Trnavský kraj";80;1811
2020-10-06;"Trnavský kraj";112;1731
2020-10-05;"Trnavský kraj";33;1619
2020-10-04;"Trnavský kraj";44;1586
2020-10-03;"Trnavský kraj";60;1542
2020-10-02;"Trnavský kraj";41;1482
2020-10-01;"Trnavský kraj";53;1441
2020-09-30;"Trnavský kraj";91;1388
2020-09-29;"Trnavský kraj";40;1297
2020-09-28;"Trnavský kraj";69;1257
2020-09-27;"Trnavský kraj";30;1188
2020-09-26;"Trnavský kraj";46;1158
2020-09-25;"Trnavský kraj";32;1112
2020-09-24;"Trnavský kraj";42;1080
2020-09-23;"Trnavský kraj";43;1038
2020-09-22;"Trnavský kraj";55;995
2020-09-21;"Trnavský kraj";41;940
2020-09-20;"Trnavský kraj";17;899
2020-09-19;"Trnavský kraj";4;882
2020-09-18;"Trnavský kraj";33;878
2020-09-17;"Trnavský kraj";42;845
2020-09-16;"Trnavský kraj";49;803
2020-09-15;"Trnavský kraj";5;754
2020-09-14;"Trnavský kraj";26;749
2020-09-13;"Trnavský kraj";9;723
2020-09-12;"Trnavský kraj";12;714
2020-09-11;"Trnavský kraj";16;702
2020-09-10;"Trnavský kraj";32;686
2020-09-09;"Trnavský kraj";14;654
2020-09-08;"Trnavský kraj";11;640
2020-09-07;"Trnavský kraj";7;629
2020-09-06;"Trnavský kraj";5;622
2020-09-05;"Trnavský kraj";7;617
2020-09-04;"Trnavský kraj";16;610
2020-09-03;"Trnavský kraj";8;594
2021-02-11;"Žilinský kraj";438;64702
2021-02-10;"Žilinský kraj";516;64264
2021-02-09;"Žilinský kraj";648;63748
2021-02-08;"Žilinský kraj";571;63100
2021-02-07;"Žilinský kraj";223;62529
2021-02-06;"Žilinský kraj";393;62306
2021-02-05;"Žilinský kraj";545;61913
2021-02-04;"Žilinský kraj";470;61368
2021-02-03;"Žilinský kraj";446;60898
2021-02-02;"Žilinský kraj";496;60452
2021-02-01;"Žilinský kraj";554;59956
2021-01-31;"Žilinský kraj";12;59402
2021-01-30;"Žilinský kraj";241;59390
2021-01-29;"Žilinský kraj";244;59149
2021-01-28;"Žilinský kraj";414;58905
2021-01-27;"Žilinský kraj";379;58491
2021-01-26;"Žilinský kraj";587;58112
2021-01-25;"Žilinský kraj";290;57525
2021-01-24;"Žilinský kraj";160;57235
2021-01-23;"Žilinský kraj";486;57075
2021-01-22;"Žilinský kraj";391;56589
2021-01-21;"Žilinský kraj";294;56198
2021-01-20;"Žilinský kraj";401;55904
2021-01-19;"Žilinský kraj";650;55503
2021-01-18;"Žilinský kraj";570;54853
2021-01-17;"Žilinský kraj";97;54283
2021-01-16;"Žilinský kraj";22;54186
2021-01-15;"Žilinský kraj";450;54164
2021-01-14;"Žilinský kraj";419;53714
2021-01-13;"Žilinský kraj";801;53295
2021-01-12;"Žilinský kraj";802;52494
2021-01-11;"Žilinský kraj";861;51692
2021-01-10;"Žilinský kraj";45;50831
2021-01-09;"Žilinský kraj";277;50786
2021-01-08;"Žilinský kraj";924;50509
2021-01-07;"Žilinský kraj";2318;49585
2021-01-06;"Žilinský kraj";234;47267
2021-01-05;"Žilinský kraj";1646;47033
2021-01-04;"Žilinský kraj";1428;45387
2021-01-03;"Žilinský kraj";17;43959
2021-01-02;"Žilinský kraj";184;43942
2021-01-01;"Žilinský kraj";154;43758
2020-12-31;"Žilinský kraj";1230;43604
2020-12-30;"Žilinský kraj";1952;42374
2020-12-29;"Žilinský kraj";1367;40422
2020-12-28;"Žilinský kraj";1408;39055
2020-12-27;"Žilinský kraj";120;37647
2020-12-26;"Žilinský kraj";149;37527
2020-12-25;"Žilinský kraj";76;37378
2020-12-24;"Žilinský kraj";718;37302
2020-12-23;"Žilinský kraj";1277;36584
2020-12-22;"Žilinský kraj";1542;35307
2020-12-21;"Žilinský kraj";1551;33765
2020-12-20;"Žilinský kraj";109;32214
2020-12-19;"Žilinský kraj";352;32105
2020-12-18;"Žilinský kraj";735;31753
2020-12-17;"Žilinský kraj";781;31018
2020-12-16;"Žilinský kraj";638;30237
2020-12-15;"Žilinský kraj";942;29599
2020-12-14;"Žilinský kraj";740;28657
2020-12-13;"Žilinský kraj";90;27917
2020-12-12;"Žilinský kraj";148;27827
2020-12-11;"Žilinský kraj";773;27679
2020-12-10;"Žilinský kraj";1143;26906
2020-12-09;"Žilinský kraj";556;25763
2020-12-08;"Žilinský kraj";519;25207
2020-12-07;"Žilinský kraj";469;24688
2020-12-06;"Žilinský kraj";19;24219
2020-12-05;"Žilinský kraj";143;24200
2020-12-04;"Žilinský kraj";348;24057
2020-12-03;"Žilinský kraj";356;23709
2020-12-02;"Žilinský kraj";263;23353
2020-12-01;"Žilinský kraj";518;23090
2020-11-30;"Žilinský kraj";493;22572
2020-11-29;"Žilinský kraj";25;22079
2020-11-28;"Žilinský kraj";114;22054
2020-11-27;"Žilinský kraj";264;21940
2020-11-26;"Žilinský kraj";246;21676
2020-11-25;"Žilinský kraj";274;21430
2020-11-24;"Žilinský kraj";280;21156
2020-11-23;"Žilinský kraj";214;20876
2020-11-22;"Žilinský kraj";11;20662
2020-11-21;"Žilinský kraj";81;20651
2020-11-20;"Žilinský kraj";296;20570
2020-11-19;"Žilinský kraj";313;20274
2020-11-18;"Žilinský kraj";361;19961
2020-11-17;"Žilinský kraj";138;19600
2020-11-16;"Žilinský kraj";240;19462
2020-11-15;"Žilinský kraj";63;19222
2020-11-14;"Žilinský kraj";200;19159
2020-11-13;"Žilinský kraj";190;18959
2020-11-12;"Žilinský kraj";336;18769
2020-11-11;"Žilinský kraj";499;18433
2020-11-10;"Žilinský kraj";383;17934
2020-11-09;"Žilinský kraj";173;17551
2020-11-08;"Žilinský kraj";94;17378
2020-11-07;"Žilinský kraj";400;17284
2020-11-06;"Žilinský kraj";541;16884
2020-11-05;"Žilinský kraj";477;16343
2020-11-04;"Žilinský kraj";433;15866
2020-11-03;"Žilinský kraj";704;15433
2020-11-02;"Žilinský kraj";511;14729
2020-11-01;"Žilinský kraj";479;14218
2020-10-31;"Žilinský kraj";865;13739
2020-10-30;"Žilinský kraj";590;12874
2020-10-29;"Žilinský kraj";757;12284
2020-10-28;"Žilinský kraj";646;11527
2020-10-27;"Žilinský kraj";379;10881
2020-10-26;"Žilinský kraj";176;10502
2020-10-25;"Žilinský kraj";436;10326
2020-10-24;"Žilinský kraj";803;9890
2020-10-23;"Žilinský kraj";672;9087
2020-10-22;"Žilinský kraj";528;8415
2020-10-21;"Žilinský kraj";492;7887
2020-10-20;"Žilinský kraj";532;7395
2020-10-19;"Žilinský kraj";82;6863
2020-10-18;"Žilinský kraj";159;6781
2020-10-17;"Žilinský kraj";509;6622
2020-10-16;"Žilinský kraj";612;6113
2020-10-15;"Žilinský kraj";682;5501
2020-10-14;"Žilinský kraj";529;4819
2020-10-13;"Žilinský kraj";407;4290
2020-10-12;"Žilinský kraj";62;3883
2020-10-11;"Žilinský kraj";50;3821
2020-10-10;"Žilinský kraj";213;3771
2020-10-09;"Žilinský kraj";543;3558
2020-10-08;"Žilinský kraj";238;3015
2020-10-07;"Žilinský kraj";168;2777
2020-10-06;"Žilinský kraj";233;2609
2020-10-05;"Žilinský kraj";33;2376
2020-10-04;"Žilinský kraj";35;2343
2020-10-03;"Žilinský kraj";155;2308
2020-10-02;"Žilinský kraj";105;2153
2020-10-01;"Žilinský kraj";147;2048
2020-09-30;"Žilinský kraj";163;1901
2020-09-29;"Žilinský kraj";105;1738
2020-09-28;"Žilinský kraj";34;1633
2020-09-27;"Žilinský kraj";108;1599
2020-09-26;"Žilinský kraj";96;1491
2020-09-25;"Žilinský kraj";69;1395
2020-09-24;"Žilinský kraj";100;1326
2020-09-23;"Žilinský kraj";65;1226
2020-09-22;"Žilinský kraj";65;1161
2020-09-21;"Žilinský kraj";47;1096
2020-09-20;"Žilinský kraj";4;1049
2020-09-19;"Žilinský kraj";6;1045
2020-09-18;"Žilinský kraj";82;1039
2020-09-17;"Žilinský kraj";30;957
2020-09-16;"Žilinský kraj";34;927
2020-09-15;"Žilinský kraj";12;893
2020-09-14;"Žilinský kraj";39;881
2020-09-13;"Žilinský kraj";6;842
2020-09-12;"Žilinský kraj";4;836
2020-09-11;"Žilinský kraj";31;832
2020-09-10;"Žilinský kraj";31;801
2020-09-09;"Žilinský kraj";23;770
2020-09-08;"Žilinský kraj";25;747
2020-09-07;"Žilinský kraj";11;722
2020-09-05;"Žilinský kraj";2;711
2020-09-04;"Žilinský kraj";33;709
2020-09-03;"Žilinský kraj";18;676
2020-09-03;"Slovensko";137;5491
2020-09-04;"Slovensko";226;5717
2020-09-05;"Slovensko";88;5488
2020-09-06;"Slovensko";22;4280
2020-09-07;"Slovensko";91;5918
2020-09-08;"Slovensko";161;6079
2020-09-09;"Slovensko";178;6257
2020-09-10;"Slovensko";186;6443
2020-09-11;"Slovensko";201;6644
2020-09-12;"Slovensko";79;6723
2020-09-13;"Slovensko";48;6771
2020-09-14;"Slovensko";188;6959
2020-09-15;"Slovensko";92;7051
2020-09-16;"Slovensko";161;7212
2020-09-17;"Slovensko";235;7447
2020-09-18;"Slovensko";290;7737
2020-09-19;"Slovensko";131;7868
2020-09-20;"Slovensko";79;7512
2020-09-21;"Slovensko";175;8122
2020-09-22;"Slovensko";338;8460
2020-09-23;"Slovensko";360;8820
2020-09-24;"Slovensko";419;9239
2020-09-25;"Slovensko";552;9791
2020-09-26;"Slovensko";478;10269
2020-09-27;"Slovensko";265;10534
2020-09-28;"Slovensko";231;10187
2020-09-29;"Slovensko";567;11332
2020-09-30;"Slovensko";797;12129
2020-10-01;"Slovensko";679;12808
2020-10-02;"Slovensko";704;13512
2020-10-03;"Slovensko";818;14330
2020-10-04;"Slovensko";353;14683
2020-10-05;"Slovensko";320;15003
2020-10-06;"Slovensko";877;15880
2020-10-07;"Slovensko";1037;16917
2020-10-08;"Slovensko";1184;18101
2020-10-09;"Slovensko";1887;19988
2020-10-10;"Slovensko";1054;21042
2020-10-11;"Slovensko";504;21546
2020-10-12;"Slovensko";567;22113
2020-10-13;"Slovensko";1494;23607
2020-10-14;"Slovensko";1960;25567
2020-10-15;"Slovensko";2111;27678
2020-10-16;"Slovensko";1995;29673
2020-10-17;"Slovensko";1567;31240
2020-10-18;"Slovensko";860;32100
2020-10-19;"Slovensko";773;32873
2020-10-20;"Slovensko";2240;35113
2020-10-21;"Slovensko";1776;36889
2020-10-22;"Slovensko";2722;39611
2020-10-23;"Slovensko";3009;42620
2020-10-24;"Slovensko";3106;45726
2020-10-25;"Slovensko";1350;47076
2020-10-26;"Slovensko";1125;48201
2020-10-27;"Slovensko";3120;51321
2020-10-28;"Slovensko";3008;54329
2020-10-29;"Slovensko";3600;57929
2020-10-30;"Slovensko";3034;60963
2020-10-31;"Slovensko";3256;64219
2020-11-01;"Slovensko";2258;66477
2020-11-02;"Slovensko";3053;69530
2020-11-03;"Slovensko";3314;72844
2020-11-04;"Slovensko";2044;74888
2020-11-05;"Slovensko";2494;77382
2020-11-06;"Slovensko";2903;80285
2020-11-07;"Slovensko";2267;82552
2020-11-08;"Slovensko";718;83270
2020-11-09;"Slovensko";2184;85454
2020-11-10;"Slovensko";2194;87648
2020-11-11;"Slovensko";2691;90339
2020-11-12;"Slovensko";2197;92536
2020-11-13;"Slovensko";1929;94465
2020-11-14;"Slovensko";1297;95762
2020-11-15;"Slovensko";533;96295
2020-11-16;"Slovensko";1597;97892
2020-11-17;"Slovensko";1526;99418
2020-11-18;"Slovensko";2083;101501
2020-11-19;"Slovensko";2563;104064
2020-11-20;"Slovensko";2457;106521
2020-11-21;"Slovensko";1281;107802
2020-11-22;"Slovensko";247;108049
2020-11-23;"Slovensko";1863;109912
2020-11-24;"Slovensko";2665;112577
2020-11-25;"Slovensko";2615;115192
2020-11-26;"Slovensko";2627;117819
2020-11-27;"Slovensko";2191;120010
2020-11-28;"Slovensko";1499;121509
2020-11-29;"Slovensko";363;121872
2020-11-30;"Slovensko";2864;124736
2020-12-01;"Slovensko";3681;128417
2020-12-02;"Slovensko";3315;131732
2020-12-03;"Slovensko";3502;135234
2020-12-04;"Slovensko";3290;138524
2020-12-05;"Slovensko";1642;140166
2020-12-06;"Slovensko";677;140843
2020-12-07;"Slovensko";4056;144899
2020-12-08;"Slovensko";5664;150563
2020-12-09;"Slovensko";5476;156039
2020-12-10;"Slovensko";5452;161491
2020-12-11;"Slovensko";6552;168043
2020-12-12;"Slovensko";3179;171222
2020-12-13;"Slovensko";592;171814
2020-12-14;"Slovensko";5471;177285
2020-12-15;"Slovensko";7832;185117
2020-12-16;"Slovensko";6965;192082
2020-12-17;"Slovensko";7991;200073
2020-12-18;"Slovensko";6774;206847
2020-12-19;"Slovensko";3514;210361
2020-12-20;"Slovensko";1699;212060
2020-12-21;"Slovensko";9918;221978
2020-12-22;"Slovensko";9402;231380
2020-12-23;"Slovensko";7641;239021
2020-12-24;"Slovensko";5102;244123
2020-12-25;"Slovensko";1175;245298
2020-12-26;"Slovensko";1045;246343
2020-12-27;"Slovensko";838;247181
2020-12-28;"Slovensko";8817;255998
2020-12-29;"Slovensko";9984;265982
2020-12-30;"Slovensko";11870;277852
2020-12-31;"Slovensko";10330;288182
2021-01-01;"Slovensko";2349;290531
2021-01-02;"Slovensko";1697;292228
2021-01-03;"Slovensko";831;293059
2021-01-04;"Slovensko";10153;303212
2021-01-05;"Slovensko";11399;314611
2021-01-06;"Slovensko";3232;317843
2021-01-07;"Slovensko";8234;326077
2021-01-08;"Slovensko";7987;334064
2021-01-09;"Slovensko";4958;339022
2021-01-10;"Slovensko";1758;340780
2021-01-11;"Slovensko";5554;346334
2021-01-12;"Slovensko";6719;353053
2021-01-13;"Slovensko";5618;358671
2021-01-14;"Slovensko";4954;363625
2021-01-15;"Slovensko";4139;367764
2021-01-16;"Slovensko";1638;369402
2021-01-17;"Slovensko";2688;372090
2021-01-18;"Slovensko";5494;377584
2021-01-19;"Slovensko";5244;382828
2021-01-20;"Slovensko";4765;387593
2021-01-21;"Slovensko";4930;392523
2021-01-22;"Slovensko";4201;396724
2021-01-23;"Slovensko";8168;404892
2021-01-24;"Slovensko";3674;408566
2021-01-25;"Slovensko";4436;413002
2021-01-26;"Slovensko";5420;418422
2021-01-27;"Slovensko";3831;422253
2021-01-28;"Slovensko";4571;426824
2021-01-29;"Slovensko";3403;430227
2021-01-30;"Slovensko";5766;435993
2021-01-31;"Slovensko";2744;438737
2021-02-01;"Slovensko";4971;443708
2021-02-02;"Slovensko";5626;449334
2021-02-03;"Slovensko";5225;454559
2021-02-04;"Slovensko";5495;460054
2021-02-05;"Slovensko";5311;465365
2021-02-06;"Slovensko";6848;472213
2021-02-07;"Slovensko";3508;475721
2021-02-08;"Slovensko";5282;481003
2021-02-09;"Slovensko";6293;487296
2021-02-10;"Slovensko";5241;492537
2021-02-11;"Slovensko";4344;496881
